{"iteration":10,"action":{"reasoning":"Observation: LoRA training script ran on 200 rows, loss went 0.79 -> 0.69. Saved adapter. Need to test if predict.py loads the LoRA adapter correctly and evaluate on val. Analysis: predict.py currently loads checkpoint directly via from_pretrained but the lora_ckpt only contains adapter weights, not base model. Need to update predict.py to detect adapter_config.json and load with PEFT. Then run on val to see if there's improvement. Decision: First update predict.py to support LoRA loading, then run a quick val test on 100 samples.","command":"python predict.py --data_path val_data --checkpoint lora_ckpt --output val_pred.json --limit 100 && python eval_val.py","done":false,"files_written":["predict.py"]},"command_output":{"exit_code":0,"timed_out":false,"elapsed_seconds":172.53788232803345,"stdout":"loaded LoRA adapter from lora_ckpt\n[0] resized=1260x784 orig=3360x2100 -> {\"bbox_2d\": [1043, 35, 1146, 78]} -> {'id': 'showui-08eae5b1ab08-r001220', 'bbox': [2781.333333333333, 93.75, 3056.0, 208.92857142857142]}\n[1] resized=1260x784 orig=3360x2100 -> {\"bbox_2d\": [1043, 38, 1156, 132]} -> {'id': 'showui-08eae5b1ab08-r001221', 'bbox': [2781.333333333333, 101.78571428571428, 3082.6666666666665, 353.57142857142856]}\n[2] resized=1260x784 orig=3360x2100 -> {\"bbox_2d\": [1034, 25, 1256, 298]} -> {'id': 'showui-08eae5b1ab08-r001222', 'bbox': [2757.333333333333, 66.96428571428571, 3349.333333333333, 798.2142857142857]}\n[49] resized=1260x784 orig=3360x2100 -> {\"bbox_2d\": [1150, 36, 1249, 70]} -> {'id': 'showui-08eae5b1ab08-r001269', 'bbox': [3066.6666666666665, 96.42857142857142, 3330.6666666666665, 187.5]}\n[99] resized=1260x784 orig=2880x1800 -> {\"bbox_2d\": [1016, 183, 1057, 204]} -> {'id': 'showui-285d2f2be306-r002639', 'bbox': [2322.285714285714, 420.1530612244898, 2416.0, 468.36734693877554]}\nwrote 100 preds to val_pred.json\neval over 100 preds: correct 24/100 = 0.2400\nbbox_n=100 pt_n=0\nmean_iou 0.2238\n","stderr":"\rLoading weights:   0%|          | 0/824 [00:00<?, ?it/s]\rLoading weights:   4%|▍         | 37/824 [00:00<00:02, 351.23it/s]\rLoading weights:   9%|▉         | 73/824 [00:00<00:02, 315.17it/s]\rLoading weights:  13%|█▎        | 110/824 [00:00<00:02, 313.76it/s]\rLoading weights:  18%|█▊        | 148/824 [00:00<00:02, 321.63it/s]\rLoading weights:  22%|██▏       | 183/824 [00:00<00:01, 329.91it/s]\rLoading weights:  26%|██▋       | 217/824 [00:00<00:01, 326.30it/s]\rLoading weights:  30%|███       | 250/824 [00:00<00:01, 304.90it/s]\rLoading weights:  34%|███▍      | 281/824 [00:00<00:01, 282.43it/s]\rLoading weights:  38%|███▊      | 314/824 [00:01<00:01, 282.62it/s]\rLoading weights:  42%|████▏     | 343/824 [00:01<00:01, 279.19it/s]\rLoading weights:  46%|████▌     | 377/824 [00:01<00:01, 287.35it/s]\rLoading weights:  50%|█████     | 412/824 [00:01<00:01, 290.26it/s]\rLoading weights:  60%|█████▉    | 491/824 [00:01<00:00, 427.35it/s]\rLoading weights:  72%|███████▏  | 594/824 [00:01<00:00, 596.74it/s]\rLoading weights:  86%|████████▌ | 710/824 [00:01<00:00, 742.81it/s]\rLoading weights: 100%|█████████▉| 822/824 [00:01<00:00, 846.64it/s]\rLoading weights: 100%|██████████| 824/824 [00:01<00:00, 461.98it/s]\n[transformers] The following generation flags are not valid and may be ignored: ['temperature']. Set `TRANSFORMERS_VERBOSITY=info` for more details.\n"},"eval_result":null,"observation":null,"workspace_files":["eval_val.py","inspect.py","lora_ckpt/README.md","lora_ckpt/adapter_config.json","lora_ckpt/chat_template.jinja","lora_ckpt/processor_config.json","lora_ckpt/tokenizer.json","lora_ckpt/tokenizer_config.json","make_val.py","predict.py","train_lora.py","val_data/dataset_info.json","val_data/test_labels.jsonl","val_data/test_prompts.jsonl","val_pred.json"],"file_sources":{"inspect.py":1,"predict.py":10,"make_val.py":2,"eval_val.py":5,"val_data/dataset_info.json":2,"val_data/test_labels.jsonl":2,"val_data/test_prompts.jsonl":2,"val_pred.json":10,"train_lora.py":9,"lora_ckpt/README.md":9,"lora_ckpt/adapter_config.json":9,"lora_ckpt/chat_template.jinja":9,"lora_ckpt/processor_config.json":9,"lora_ckpt/tokenizer.json":9,"lora_ckpt/tokenizer_config.json":9},"agent_done":false,"done_reason":null,"static_export":{"workspace_scope":"carry_forward_source_files","omitted_files":0}}