{"iteration":12,"action":{"reasoning":"Observation: 4000-row training done, loss 0.79->0.29. Need to evaluate on val to confirm improvement over 24% baseline. Analysis: ~8.84h left, 19 iters. Each val run on 100 samples ~3min. I should run val eval now to gauge improvement, then decide whether to train more (e.g., 2 epochs or full data). Decision: Run predict on val and eval.","command":"python predict.py --data_path val_data --checkpoint lora_ckpt --output val_pred.json --limit 150 && python eval_val.py","done":false,"files_written":[]},"command_output":{"exit_code":0,"timed_out":false,"elapsed_seconds":241.8091378211975,"stdout":"loaded LoRA adapter from lora_ckpt\n[0] resized=1260x784 orig=3360x2100 -> {\"bbox_2d\": [1043, 36, 1135, 67]} -> {'id': 'showui-08eae5b1ab08-r001220', 'bbox': [2781.333333333333, 96.42857142857142, 3026.6666666666665, 179.4642857142857]}\n[1] resized=1260x784 orig=3360x2100 -> {\"bbox_2d\": [1043, 36, 1135, 67]} -> {'id': 'showui-08eae5b1ab08-r001221', 'bbox': [2781.333333333333, 96.42857142857142, 3026.6666666666665, 179.4642857142857]}\n[2] resized=1260x784 orig=3360x2100 -> {\"bbox_2d\": [1043, 156, 1184, 175]} -> {'id': 'showui-08eae5b1ab08-r001222', 'bbox': [2781.333333333333, 417.85714285714283, 3157.333333333333, 468.74999999999994]}\n[49] resized=1260x784 orig=3360x2100 -> {\"bbox_2d\": [1043, 35, 1136, 70]} -> {'id': 'showui-08eae5b1ab08-r001269', 'bbox': [2781.333333333333, 93.75, 3029.333333333333, 187.5]}\n[99] resized=1260x784 orig=2880x1800 -> {\"bbox_2d\": [1079, 58, 1118, 84]} -> {'id': 'showui-285d2f2be306-r002639', 'bbox': [2466.285714285714, 133.16326530612247, 2555.428571428571, 192.8571428571429]}\n[149] resized=1260x784 orig=2880x1800 -> {\"bbox_2d\": [358, 443, 539, 557]} -> {'id': 'showui-571e3f741ea0-r006337', 'bbox': [818.2857142857142, 1017.091836734694, 1232.0, 1278.826530612245]}\nwrote 150 preds to val_pred.json\neval over 150 preds: correct 38/150 = 0.2533\nbbox_n=150 pt_n=0\nmean_iou 0.2225\n","stderr":"\rLoading weights:   0%|          | 0/824 [00:00<?, ?it/s]\rLoading weights:   3%|▎         | 26/824 [00:00<00:03, 228.41it/s]\rLoading weights:   6%|▌         | 51/824 [00:00<00:03, 233.61it/s]\rLoading weights:   9%|▉         | 75/824 [00:00<00:03, 235.76it/s]\rLoading weights:  12%|█▏        | 100/824 [00:00<00:03, 226.01it/s]\rLoading weights:  17%|█▋        | 136/824 [00:00<00:02, 252.17it/s]\rLoading weights:  21%|██        | 170/824 [00:00<00:02, 274.02it/s]\rLoading weights:  24%|██▍       | 199/824 [00:00<00:02, 277.95it/s]\rLoading weights:  28%|██▊       | 232/824 [00:00<00:02, 292.89it/s]\rLoading weights:  32%|███▏      | 267/824 [00:00<00:01, 284.13it/s]\rLoading weights:  37%|███▋      | 304/824 [00:01<00:01, 296.62it/s]\rLoading weights:  41%|████▏     | 341/824 [00:01<00:01, 309.79it/s]\rLoading weights:  46%|████▌     | 377/824 [00:01<00:01, 312.16it/s]\rLoading weights:  50%|█████     | 413/824 [00:01<00:01, 323.46it/s]\rLoading weights:  61%|██████    | 502/824 [00:01<00:00, 483.67it/s]\rLoading weights:  74%|███████▍  | 610/824 [00:01<00:00, 652.12it/s]\rLoading weights:  86%|████████▌ | 706/824 [00:01<00:00, 738.37it/s]\rLoading weights: 100%|█████████▉| 820/824 [00:01<00:00, 854.36it/s]\rLoading weights: 100%|██████████| 824/824 [00:01<00:00, 446.34it/s]\n[transformers] The following generation flags are not valid and may be ignored: ['temperature']. Set `TRANSFORMERS_VERBOSITY=info` for more details.\n"},"eval_result":null,"observation":null,"workspace_files":["eval_val.py","inspect.py","lora_ckpt/README.md","lora_ckpt/adapter_config.json","lora_ckpt/chat_template.jinja","lora_ckpt/processor_config.json","lora_ckpt/tokenizer.json","lora_ckpt/tokenizer_config.json","make_val.py","predict.py","train_lora.py","val_data/dataset_info.json","val_data/test_labels.jsonl","val_data/test_prompts.jsonl","val_pred.json"],"file_sources":{"inspect.py":1,"predict.py":10,"make_val.py":2,"eval_val.py":5,"val_data/dataset_info.json":2,"val_data/test_labels.jsonl":2,"val_data/test_prompts.jsonl":2,"val_pred.json":12,"train_lora.py":9,"lora_ckpt/README.md":9,"lora_ckpt/adapter_config.json":11,"lora_ckpt/chat_template.jinja":9,"lora_ckpt/processor_config.json":9,"lora_ckpt/tokenizer.json":9,"lora_ckpt/tokenizer_config.json":9},"agent_done":false,"done_reason":null,"static_export":{"workspace_scope":"carry_forward_source_files","omitted_files":0}}