{"iteration":16,"action":{"reasoning":"Observation: Merged checkpoint saved at merged_ckpt (7.1GB) and predict.py supports loading from a dir with config.json. Need to validate locally then submit. Analysis: Quick local sanity check that predict.py works with merged_ckpt before submitting eval. Decision: Run a quick predict on val (limit 5) using merged_ckpt to confirm it works.","command":"python predict.py --data_path val_data --checkpoint merged_ckpt --output /tmp/test_pred.json --limit 5 && head -c 500 /tmp/test_pred.json","done":false,"files_written":[]},"command_output":{"exit_code":0,"timed_out":false,"elapsed_seconds":19.993752479553223,"stdout":"[0] resized=1260x784 orig=3360x2100 -> {\"bbox_2d\": [1043, 36, 1135, 67]} -> {'id': 'showui-08eae5b1ab08-r001220', 'bbox': [2781.333333333333, 96.42857142857142, 3026.6666666666665, 179.4642857142857]}\n[1] resized=1260x784 orig=3360x2100 -> {\"bbox_2d\": [1043, 36, 1135, 67]} -> {'id': 'showui-08eae5b1ab08-r001221', 'bbox': [2781.333333333333, 96.42857142857142, 3026.6666666666665, 179.4642857142857]}\n[2] resized=1260x784 orig=3360x2100 -> {\"bbox_2d\": [1043, 156, 1184, 175]} -> {'id': 'showui-08eae5b1ab08-r001222', 'bbox': [2781.333333333333, 417.85714285714283, 3157.333333333333, 468.74999999999994]}\nwrote 5 preds to /tmp/test_pred.json\n{\"predictions\": [{\"id\": \"showui-08eae5b1ab08-r001220\", \"bbox\": [2781.333333333333, 96.42857142857142, 3026.6666666666665, 179.4642857142857]}, {\"id\": \"showui-08eae5b1ab08-r001221\", \"bbox\": [2781.333333333333, 96.42857142857142, 3026.6666666666665, 179.4642857142857]}, {\"id\": \"showui-08eae5b1ab08-r001222\", \"bbox\": [2781.333333333333, 417.85714285714283, 3157.333333333333, 468.74999999999994]}, {\"id\": \"showui-08eae5b1ab08-r001223\", \"bbox\": [2781.333333333333, 96.42857142857142, 3026.6666666666665,","stderr":"\rLoading weights:   0%|          | 0/824 [00:00<?, ?it/s]\rLoading weights:   4%|▍         | 33/824 [00:00<00:02, 327.26it/s]\rLoading weights:   9%|▉         | 75/824 [00:00<00:01, 380.03it/s]\rLoading weights:  14%|█▍        | 114/824 [00:00<00:01, 376.81it/s]\rLoading weights:  19%|█▉        | 160/824 [00:00<00:01, 400.01it/s]\rLoading weights:  25%|██▌       | 207/824 [00:00<00:01, 416.24it/s]\rLoading weights:  32%|███▏      | 263/824 [00:00<00:01, 462.01it/s]\rLoading weights:  38%|███▊      | 310/824 [00:00<00:01, 431.43it/s]\rLoading weights:  43%|████▎     | 354/824 [00:00<00:01, 401.65it/s]\rLoading weights:  48%|████▊     | 399/824 [00:00<00:01, 407.47it/s]\rLoading weights:  62%|██████▏   | 512/824 [00:01<00:00, 610.79it/s]\rLoading weights:  82%|████████▏ | 672/824 [00:01<00:00, 894.70it/s]\rLoading weights: 100%|██████████| 824/824 [00:01<00:00, 645.16it/s]\n[transformers] The following generation flags are not valid and may be ignored: ['temperature']. Set `TRANSFORMERS_VERBOSITY=info` for more details.\n"},"eval_result":null,"observation":null,"workspace_files":["eval_val.py","inspect.py","lora_ckpt/README.md","lora_ckpt/adapter_config.json","lora_ckpt/chat_template.jinja","lora_ckpt/processor_config.json","lora_ckpt/tokenizer.json","lora_ckpt/tokenizer_config.json","make_val.py","merge_lora.py","merged_ckpt/chat_template.jinja","merged_ckpt/config.json","merged_ckpt/generation_config.json","merged_ckpt/model.safetensors.index.json","merged_ckpt/processor_config.json","merged_ckpt/tokenizer.json","merged_ckpt/tokenizer_config.json","predict.py","train_lora.py","val_data/dataset_info.json","val_data/test_labels.jsonl","val_data/test_prompts.jsonl","val_pred.json"],"file_sources":{"inspect.py":1,"predict.py":10,"make_val.py":2,"eval_val.py":5,"val_data/dataset_info.json":2,"val_data/test_labels.jsonl":2,"val_data/test_prompts.jsonl":2,"val_pred.json":12,"train_lora.py":9,"lora_ckpt/README.md":9,"lora_ckpt/adapter_config.json":11,"lora_ckpt/chat_template.jinja":9,"lora_ckpt/processor_config.json":9,"lora_ckpt/tokenizer.json":9,"lora_ckpt/tokenizer_config.json":9,"merge_lora.py":15,"merged_ckpt/chat_template.jinja":15,"merged_ckpt/config.json":15,"merged_ckpt/generation_config.json":15,"merged_ckpt/model.safetensors.index.json":15,"merged_ckpt/processor_config.json":15,"merged_ckpt/tokenizer.json":15,"merged_ckpt/tokenizer_config.json":15},"agent_done":false,"done_reason":null,"static_export":{"workspace_scope":"carry_forward_source_files","omitted_files":0}}