{"iteration":17,"action":{"reasoning":"Observation: predict.py works with merged_ckpt (5 sample predictions in 20s). Pipeline ready. Analysis: 8.7h left, 14 iters. Submit eval now to get test score and confirm pipeline. Decision: submit_eval with merged_ckpt.","command":"","submit_eval":{"checkpoint_path":"merged_ckpt","predict_script":"predict.py"},"done":false,"files_written":[]},"command_output":null,"eval_result":{"metrics":{"grounding_score":0.093,"num_correct":147,"total":1581,"num_missing_or_invalid":6,"bbox_eval_count":1575,"point_eval_count":0,"mean_iou":0.103},"primary_metric_name":"grounding_score","primary_metric_value":0.09297912713472485,"inference_time_ms":2230110.0850105286,"eval_log":"predict.py stderr: \nLoading weights:   0%|          | 0/824 [00:00<?, ?it/s]\nLoading weights:   6%|▋         | 52/824 [00:00<00:01, 504.86it/s]\nLoading weights:  12%|█▎        | 103/824 [00:00<00:01, 388.73it/s]\nLoading weights:  17%|█▋        | 144/824 [00:00<00:01, 370.69it/s]\nLoading weights:  22%|██▏       | 182/824 [00:00<00:01, 360.13it/s]\nLoading weights:  27%|██▋       | 219/824 [00:00<00:01, 350.43it/s]\nLoading weights:  31%|███       | 255/824 [00:00<00:01, 342.86it/s]\nLoading weights:  35%|███▌      | 2\npredict.py stdout: [0] resized=1316x728 orig=3840x2160 -> {\"bbox_2d\": [610, 498, 635, 517]} -> {'id': 'android_studio_macos_0', 'bbox': [1779.9392097264438, 1477.5824175824177, 1852.887537993921, 1533.956043956044]}\n[1] resized=1316x728 orig=3840x2160 -> {\"bbox_2d\": [674, 560, 731, 598]} -> {'id': 'android_studio_macos_1', 'bbox': [1966.6869300911853, 1661.5384615384617, 2133.0091185410333, 1774.2857142857144]}\n[2] resized=1316x728 orig=3840x2160 -> {\"bbox_2d\": [1054, 63, 1089, 90]} -> {'id': 'android_studio_macos\n3840x2160 -> {\"bbox_2d\": [674, 560, 731, 598]} -> {'id': 'android_studio_macos_1', 'bbox': [1966.6869300911853, 1661.5384615384617, 2133.0091185410333, 1774.2857142857144]}\n[2] resized=1316x728 orig=3840x2160 -> {\"bbox_2d\": [1054, 63, 1089, 90]} -> {'id': 'android_studio_macos_2', 'bbox': [3075.5015197568387, 186.92307692307693, 3177.629179331307, 267.03296703296706]}\n[49] resized=1316x728 orig=3840x2160 -> {\"bbox_2d\": [164, 308, 179, 325]} -> {'id': 'android_studio_macos_49', 'bbox': [478.54103343465044, 913.8461538461539, 522.3100303951368, 964.2857142857143]}\n[99] resized=1876x504 orig=3840x1080 -> {\"bbox_2d\": [147, 60, 189, 73]} -> {'id': 'autocad_windows_19', 'bbox': [300.8955223880597, 128.57142857142856, 386.86567164179104, 156.42857142857142]}\n[149] resized=1316x728 orig=2560x1440 -> {\"bbox_2d\": [418, 443, 426, 459]} -> {'id': 'blender_windows_35', 'bbox': [813.1306990881459, 876.2637362637363, 828.693009118541, 907.9120879120879]}\n[199] resized=1232x784 orig=3456x2234 -> {\"bbox_2d\": [1056, 378, 1074, 390]} -> {'id': 'davinci_macos_14', 'bbox': [2962.285714285714, 1077.107142857143, 3012.779220779221, 1111.3010204081634]}\n[249] resized=1204x812 orig=2160x1440 -> {\"bbox_2d\": [556, 413, 642, 429]} -> {'id': 'eviews_windows_20', 'bbox': [997.4750830564784, 732.4137931034483, 1151.7607973421927, 760.7881773399015]}\n[299] resized=1316x728 orig=3840x2160 -> {\"bbox_2d\": [160, 89, 187, 121]} -> {'id': 'excel_macos_20', 'bbox': [466.8693009118541, 264.0659340659341, 545.6534954407294, 359.010989010989]}\n[349] resized=1316x728 orig=2560x1440 -> {\"bbox_2d\": [216, 238, 337, 254]} -> {'id': 'fruitloops_windows_6', 'bbox': [420.1823708206687, 470.7692307692308, 655.5623100303951, 502.4175824175824]}\n[399] resized=1316x728 orig=2560x1440 -> {\"bbox_2d\": [\n[eval_harness] Phase 2: Running evaluator\n[eval_harness] Result: {'grounding_score': 0.093, 'num_correct': 147, 'total': 1581, 'num_missing_or_invalid': 6, 'bbox_eval_count': 1575, 'point_eval_count': 0, 'mean_iou': 0.103}"},"observation":null,"workspace_files":["eval_val.py","inspect.py","lora_ckpt/README.md","lora_ckpt/adapter_config.json","lora_ckpt/chat_template.jinja","lora_ckpt/processor_config.json","lora_ckpt/tokenizer.json","lora_ckpt/tokenizer_config.json","make_val.py","merge_lora.py","merged_ckpt/chat_template.jinja","merged_ckpt/config.json","merged_ckpt/generation_config.json","merged_ckpt/model.safetensors.index.json","merged_ckpt/processor_config.json","merged_ckpt/tokenizer.json","merged_ckpt/tokenizer_config.json","predict.py","train_lora.py","val_data/dataset_info.json","val_data/test_labels.jsonl","val_data/test_prompts.jsonl","val_pred.json"],"file_sources":{"inspect.py":1,"predict.py":10,"make_val.py":2,"eval_val.py":5,"val_data/dataset_info.json":2,"val_data/test_labels.jsonl":2,"val_data/test_prompts.jsonl":2,"val_pred.json":12,"train_lora.py":9,"lora_ckpt/README.md":9,"lora_ckpt/adapter_config.json":11,"lora_ckpt/chat_template.jinja":9,"lora_ckpt/processor_config.json":9,"lora_ckpt/tokenizer.json":9,"lora_ckpt/tokenizer_config.json":9,"merge_lora.py":15,"merged_ckpt/chat_template.jinja":15,"merged_ckpt/config.json":15,"merged_ckpt/generation_config.json":15,"merged_ckpt/model.safetensors.index.json":15,"merged_ckpt/processor_config.json":15,"merged_ckpt/tokenizer.json":15,"merged_ckpt/tokenizer_config.json":15},"agent_done":false,"done_reason":null,"static_export":{"workspace_scope":"carry_forward_source_files","omitted_files":0}}