{"iteration":21,"action":{"reasoning":"Observation: Merge done, merged_ckpt ready. 1.75h left, 10 iters. Analysis: Submit eval on the new merged checkpoint trained on full 7100 rows × 2 epochs. Decision: submit eval immediately.","command":"","submit_eval":{"checkpoint_path":"merged_ckpt","predict_script":"predict.py"},"done":false,"files_written":[]},"command_output":null,"eval_result":{"metrics":{"grounding_score":0.0759,"num_correct":120,"total":1581,"num_missing_or_invalid":23,"bbox_eval_count":1558,"point_eval_count":0,"mean_iou":0.082},"primary_metric_name":"grounding_score","primary_metric_value":0.07590132827324478,"inference_time_ms":2158303.5867214203,"eval_log":"predict.py stderr: \nLoading weights:   0%|          | 0/824 [00:00<?, ?it/s]\nLoading weights:   5%|▍         | 39/824 [00:00<00:02, 355.33it/s]\nLoading weights:   9%|▉         | 75/824 [00:00<00:02, 276.40it/s]\nLoading weights:  13%|█▎        | 111/824 [00:00<00:02, 301.32it/s]\nLoading weights:  18%|█▊        | 145/824 [00:00<00:02, 292.64it/s]\nLoading weights:  22%|██▏       | 183/824 [00:00<00:02, 313.94it/s]\nLoading weights:  26%|██▌       | 215/824 [00:00<00:01, 306.38it/s]\nLoading weights:  30%|██▉       | 24\npredict.py stdout: [0] resized=1316x728 orig=3840x2160 -> [{\"bbox_2d\": [601, 334, 730, 611]}] -> {'id': 'android_studio_macos_0', 'bbox': [1753.677811550152, 990.989010989011, 2130.091185410334, 1812.857142857143]}\n[1] resized=1316x728 orig=3840x2160 -> [{\"bbox_2d\": [698, 558, 730, 576]}] -> {'id': 'android_studio_macos_1', 'bbox': [2036.7173252279636, 1655.6043956043957, 2130.091185410334, 1709.010989010989]}\n[2] resized=1316x728 orig=3840x2160 -> [{\"bbox_2d\": [140, 39, 795, 642]}] -> {'id': 'android_studio_macos\n0x2160 -> [{\"bbox_2d\": [698, 558, 730, 576]}] -> {'id': 'android_studio_macos_1', 'bbox': [2036.7173252279636, 1655.6043956043957, 2130.091185410334, 1709.010989010989]}\n[2] resized=1316x728 orig=3840x2160 -> [{\"bbox_2d\": [140, 39, 795, 642]}] -> {'id': 'android_studio_macos_2', 'bbox': [408.51063829787233, 115.71428571428572, 2319.756838905775, 1904.835164835165]}\n[49] resized=1316x728 orig=3840x2160 -> [{\"bbox_2d\": [109, 346, 205, 364]}] -> {'id': 'android_studio_macos_49', 'bbox': [318.0547112462006, 1026.5934065934066, 598.1762917933131, 1080.0]}\n[99] resized=1876x504 orig=3840x1080 -> [{\"bbox_2d\": [385, 461, 780, 476]}] -> {'id': 'autocad_windows_19', 'bbox': [788.0597014925373, 987.8571428571428, 1596.588486140725, 1020.0]}\n[149] resized=1316x728 orig=2560x1440 -> [{\"bbox_2d\": [698, 497, 807, 553]}] -> {'id': 'blender_windows_35', 'bbox': [1357.8115501519758, 983.0769230769231, 1569.8480243161096, 1093.8461538461538]}\n[199] resized=1232x784 orig=3456x2234 -> [{\"bbox_2d\": [1085, 376, 1094, 392]}] -> {'id': 'davinci_macos_14', 'bbox': [3043.6363636363635, 1071.408163265306, 3068.883116883117, 1117.0]}\n[249] resized=1204x812 orig=2160x1440 -> [{\"bbox_2d\": [554, 406, 646, 421]}] -> {'id': 'eviews_windows_20', 'bbox': [993.8870431893688, 720.0, 1158.936877076412, 746.6009852216749]}\n[299] resized=1316x728 orig=3840x2160 -> [{\"bbox_2d\": [227, 165, 270, 204]}] -> {'id': 'excel_macos_20', 'bbox': [662.370820668693, 489.5604395604396, 787.8419452887538, 605.2747252747253]}\n[349] resized=1316x728 orig=2560x1440 -> [{\"bbox_2d\": [215, 223, 320, 237]}] -> {'id': 'fruitloops_windows_6', 'bbox': [418.23708206686933, 441.09890109890114, 622.4924012158054, 468.7912087912088]}\n[399] resized=1316x728 orig=2560x1440 -> [{\"bbox_2d\": [1, 263, 174, 278]}] -> {'i\n[eval_harness] Phase 2: Running evaluator\n[eval_harness] Result: {'grounding_score': 0.0759, 'num_correct': 120, 'total': 1581, 'num_missing_or_invalid': 23, 'bbox_eval_count': 1558, 'point_eval_count': 0, 'mean_iou': 0.082}"},"observation":null,"workspace_files":["eval_val.py","inspect.py","lora_ckpt/README.md","lora_ckpt/adapter_config.json","lora_ckpt/chat_template.jinja","lora_ckpt/processor_config.json","lora_ckpt/tokenizer.json","lora_ckpt/tokenizer_config.json","make_val.py","merge_lora.py","merged_ckpt/chat_template.jinja","merged_ckpt/config.json","merged_ckpt/generation_config.json","merged_ckpt/model.safetensors.index.json","merged_ckpt/processor_config.json","merged_ckpt/tokenizer.json","merged_ckpt/tokenizer_config.json","predict.py","train.log","train_lora.py","val_data/dataset_info.json","val_data/test_labels.jsonl","val_data/test_prompts.jsonl","val_pred.json"],"file_sources":{"inspect.py":1,"predict.py":10,"make_val.py":2,"eval_val.py":5,"val_data/dataset_info.json":2,"val_data/test_labels.jsonl":2,"val_data/test_prompts.jsonl":2,"val_pred.json":12,"train_lora.py":19,"lora_ckpt/README.md":9,"lora_ckpt/adapter_config.json":19,"lora_ckpt/chat_template.jinja":9,"lora_ckpt/processor_config.json":19,"lora_ckpt/tokenizer.json":9,"lora_ckpt/tokenizer_config.json":19,"merge_lora.py":15,"merged_ckpt/chat_template.jinja":15,"merged_ckpt/config.json":15,"merged_ckpt/generation_config.json":15,"merged_ckpt/model.safetensors.index.json":15,"merged_ckpt/processor_config.json":15,"merged_ckpt/tokenizer.json":15,"merged_ckpt/tokenizer_config.json":15,"train.log":19},"agent_done":false,"done_reason":null,"static_export":{"workspace_scope":"carry_forward_source_files","omitted_files":0}}