{"path":"optimal_weights.json","iteration":19,"content":"{\n  \"best_val_acc\": 0.9034,\n  \"weights\": {\n    \"mlp\": 0.24999999999999994,\n    \"mc\": 0.5833333333333333,\n    \"ncm\": 0.08333333333333333,\n    \"swa\": 0.08333333333333333\n  },\n  \"best_temp_acc\": 0.9036,\n  \"best_temps\": [\n    1.3,\n    0.5,\n    1.0,\n    0.5\n  ]\n}"}