{"path":"stats.json","iteration":5,"content":"{\"state_mean\": [-0.021343271573798943, -0.0019332932763577954, 0.5752368398922704, 3.0946741000973903, 0.06988913789721984, -0.03757358821818137, 0.02268047995460088, -0.022660263483927467], \"state_std\": [0.06348004906589587, 0.18771557425293006, 0.056641455899009846, 0.07245461266033688, 0.31321430673570777, 0.16108696954421742, 0.016345672188393712, 0.016070895107677653], \"action_mean\": [0.022421336527205044, 0.0837233303474662, -0.06270787673426569, -0.0017354123708306838, -0.0004276209328598702, -0.008215091246527443, 0.0232666718543304], \"action_std\": [0.2696611797097485, 0.3448555131720986, 0.31567551463486776, 0.027045133618248587, 0.04106561406822564, 0.04321580519983467, 0.9997292943496369]}"}