{"path":"ensemble_ckpt/weights.json","iteration":23,"content":"{\n  \"lgb_model_0.txt\": 0.08563822378434197,\n  \"lgb_model_1.txt\": 0.07893549808157646,\n  \"lgb_model_2.txt\": 0.08257279799121715,\n  \"lgb_model_3.txt\": 0.08380335028232754,\n  \"lgb_model_4.txt\": 0.08307531263088533,\n  \"lgb_model_5.txt\": 0.08299067590281718,\n  \"lgb_model_6.txt\": 0.08538236921380217,\n  \"lgb_model_7.txt\": 0.0824582558394821,\n  \"lgb_model_8.txt\": 0.08580255263320961,\n  \"lgb_model_9.txt\": 0.08472054119659173,\n  \"lgb_model_best0.txt\": 0.08000362492742183,\n  \"lgb_model_best1.txt\": 0.08461679751632696\n}"}