{"iteration":26,"data":[{"step":1,"loss":0.999836727976799,"val_ap":0.06677363144796855},{"step":2,"loss":0.8591802716255188,"val_ap":0.0737334900241262}]}