{"path":"postproc_results.json","iteration":23,"content":"{\n  \"raw\": 2.8490287606429723,\n  \"clip\": 2.8490287606429723,\n  \"hp_50\": 2.8351181337518123,\n  \"hp_80\": 2.8164295901897765,\n  \"hp_120\": 2.8144253118345217,\n  \"preemph\": 2.8490312302431984,\n  \"rms_match\": 2.8490297610943136,\n  \"clip_rms\": 2.8488738161794256,\n  \"hp80_rms\": 2.81643017212069,\n  \"hp80_clip\": 2.8015315902573135\n}"}