{"iteration":5,"data":[{"step":0,"loss":6.3564863204956055,"lr":1.550387596899225e-06}]}