{"iteration":1,"data":[{"step":0,"score":0.7413911146238941,"success_rate":1.0,"explored_rate":0.9999884659746252,"travel_distance":412.61550147722824},{"step":1,"score":0.7617328295191235,"success_rate":1.0,"explored_rate":1.0,"travel_distance":400.16954440729495},{"step":2,"score":0.7601758940378084,"success_rate":1.0,"explored_rate":1.0,"travel_distance":404.7373620392093},{"step":3,"score":0.7308498083033612,"success_rate":1.0,"explored_rate":0.9999884659746252,"travel_distance":414.38995187477127}]}