{"iteration":7,"data":[{"step":0,"train_loss":1.278933479602636,"val_loss":1.215191999444329,"val_auc":0.7582108307014119,"val_eer":0.30135450304987443,"val_accuracy":0.6900660119143455},{"step":1,"train_loss":1.261720292997871,"val_loss":1.1984063031899108,"val_auc":0.7709967106615768,"val_eer":0.3021618227484751,"val_accuracy":0.6392287876348414},{"step":2,"train_loss":1.252387530261342,"val_loss":1.1738604185892856,"val_auc":0.7633550646390874,"val_eer":0.30597416576964476,"val_accuracy":0.7300756721944937}]}