{"iteration":21,"data":[{"step":0,"loss":6.095872402191162,"acc":0.0,"lr":1.5503875968992249e-07}]}