{"iteration":4,"data":[{"epoch":1,"train_loss":0.8668897632629641,"val_loss":2.003939946492513},{"epoch":2,"train_loss":0.7969008068884572,"val_loss":1.7702669302622478},{"epoch":3,"train_loss":0.6981474853331043,"val_loss":1.605467975139618}]}