{"iteration":15,"action":{"reasoning":"Observation: ComplexMappingCRN trained for 50 epochs in iter 13 but no eval yet. Best PESQ is 3.134 (MetricGAN+). Need to evaluate ComplexMappingCRN and check training convergence. Analysis: Training took ~46 min for 50 epochs. I have ~3.8h left and 16 iterations remaining. Decision: Check training metrics, submit eval for ComplexMappingCRN best checkpoint, then decide next steps based on results.","command":"cat logs/iter_13/metrics.jsonl | tail -20","submit_eval":{"checkpoint_path":"checkpoints/best.pt","predict_script":"predict.py"},"done":false,"files_written":[]},"command_output":{"exit_code":0,"timed_out":false,"elapsed_seconds":0.10929226875305176,"stdout":"{\"step\": 42466, \"loss\": -1.8867772817611694, \"l1\": 0.009012958034873009, \"mrstft\": 1.7546851634979248, \"sisnr\": 14.228841781616211, \"mag_loss\": 0.037666019052267075, \"ri_loss\": 0.06993943452835083, \"lr\": 2.9673820220377963e-06}\n{\"step\": 42483, \"loss\": -2.565169334411621, \"l1\": 0.007040385622531176, \"mrstft\": 1.2940727472305298, \"sisnr\": 16.369125366210938, \"mag_loss\": 0.028021423146128654, \"ri_loss\": 0.0531153604388237, \"lr\": 1.4923312571462456e-06}\n{\"step\": 42533, \"loss\": -2.6153857707977295, \"l1\": 0.006153683178126812, \"mrstft\": 1.3503828048706055, \"sisnr\": 16.74286651611328, \"mag_loss\": 0.026719775050878525, \"ri_loss\": 0.05024540424346924, \"lr\": 1.4923312571462456e-06}\n{\"step\": 42583, \"loss\": -2.120448589324951, \"l1\": 0.00785368587821722, \"mrstft\": 1.7208702564239502, \"sisnr\": 15.24081039428711, \"mag_loss\": 0.030765727162361145, \"ri_loss\": 0.05731798708438873, \"lr\": 1.4923312571462456e-06}\n{\"step\": 42633, \"loss\": -2.175992488861084, \"l1\": 0.006608374882489443, \"mrstft\": 1.8979262113571167, \"sisnr\": 15.937873840332031, \"mag_loss\": 0.029019121080636978, \"ri_loss\": 0.053983889520168304, \"lr\": 1.4923312571462456e-06}\n{\"step\": 42683, \"loss\": -2.483672857284546, \"l1\": 0.005512719973921776, \"mrstft\": 1.6476010084152222, \"sisnr\": 16.83060646057129, \"mag_loss\": 0.02710258774459362, \"ri_loss\": 0.05206529051065445, \"lr\": 1.4923312571462456e-06}\n{\"step\": 42733, \"loss\": -2.2132985591888428, \"l1\": 0.008272362872958183, \"mrstft\": 1.7846412658691406, \"sisnr\": 15.914121627807617, \"mag_loss\": 0.03695220872759819, \"ri_loss\": 0.06396117061376572, \"lr\": 1.4923312571462456e-06}\n{\"step\": 42783, \"loss\": -2.335446357727051, \"l1\": 0.007666104938834906, \"mrstft\": 1.4038138389587402, \"sisnr\": 15.560016632080078, \"mag_loss\": 0.03447394818067551, \"ri_loss\": 0.06502029299736023, \"lr\": 1.4923312571462456e-06}\n{\"step\": 42833, \"loss\": -2.715878963470459, \"l1\": 0.004703054670244455, \"mrstft\": 1.5127789974212646, \"sisnr\": 17.593503952026367, \"mag_loss\": 0.021531740203499794, \"ri_loss\": 0.040395110845565796, \"lr\": 1.4923312571462456e-06}\n{\"step\": 42883, \"loss\": -2.5840160846710205, \"l1\": 0.005116796121001244, \"mrstft\": 1.617239236831665, \"sisnr\": 17.19975471496582, \"mag_loss\": 0.021713683381676674, \"ri_loss\": 0.04096923768520355, \"lr\": 1.4923312571462456e-06}\n{\"step\": 42933, \"loss\": -2.9673852920532227, \"l1\": 0.00476273987442255, \"mrstft\": 1.2744325399398804, \"sisnr\": 18.245601654052734, \"mag_loss\": 0.020440611988306046, \"ri_loss\": 0.03863120079040527, \"lr\": 1.4923312571462456e-06}\n{\"step\": 42983, \"loss\": -2.5996687412261963, \"l1\": 0.006120503414422274, \"mrstft\": 1.2592284679412842, \"sisnr\": 16.413715362548828, \"mag_loss\": 0.024620573967695236, \"ri_loss\": 0.045438315719366074, \"lr\": 1.4923312571462456e-06}\n{\"step\": 43033, \"loss\": -2.91971755027771, \"l1\": 0.005575189366936684, \"mrstft\": 1.3476589918136597, \"sisnr\": 18.225486755371094, \"mag_loss\": 0.02368740737438202, \"ri_loss\": 0.04457567259669304, \"lr\": 1.4923312571462456e-06}\n{\"step\": 43083, \"loss\": -2.8584249019622803, \"l1\": 0.006089114584028721, \"mrstft\": 1.4169282913208008, \"sisnr\": 18.134733200073242, \"mag_loss\": 0.0276107769459486, \"ri_loss\": 0.0527157336473465, \"lr\": 1.4923312571462456e-06}\n{\"step\": 43133, \"loss\": -2.2739779949188232, \"l1\": 0.006786355283111334, \"mrstft\": 1.4629881381988525, \"sisnr\": 15.357691764831543, \"mag_loss\": 0.030685674399137497, \"ri_loss\": 0.05718880891799927, \"lr\": 1.4923312571462456e-06}\n{\"step\": 43183, \"loss\": -2.8825297355651855, \"l1\": 0.005638796370476484, \"mrstft\": 1.381548285484314, \"sisnr\": 18.140562057495117, \"mag_loss\": 0.025219114497303963, \"ri_loss\": 0.047901712357997894, \"lr\": 1.4923312571462456e-06}\n{\"step\": 43233, \"loss\": -1.9543757438659668, \"l1\": 0.008343825116753578, \"mrstft\": 1.611374855041504, \"sisnr\": 14.164159774780273, \"mag_loss\": 0.03326908126473427, \"ri_loss\": 0.062311891466379166, \"lr\": 1.4923312571462456e-06}\n{\"step\": 43283, \"loss\": -2.190211296081543, \"l1\": 0.007279529236257076, \"mrstft\": 1.412955641746521, \"sisnr\": 14.837974548339844, \"mag_loss\": 0.032931551337242126, \"ri_loss\": 0.061389341950416565, \"lr\": 1.4923312571462456e-06}\n{\"step\": 43333, \"loss\": -2.075829267501831, \"l1\": 0.007692211773246527, \"mrstft\": 1.6192468404769897, \"sisnr\": 14.810656547546387, \"mag_loss\": 0.03544739633798599, \"ri_loss\": 0.06707796454429626, \"lr\": 1.4923312571462456e-06}\n{\"step\": 42483, \"epoch\": 50, \"val_pesq\": 2.3405663669109344, \"avg_loss\": -2.363829212480213, \"is_eval\": true}\n","stderr":""},"eval_result":{"metrics":{"pesq":2.506,"csig":3.8376,"cbak":3.3142,"covl":3.1719,"stoi":0.9385,"num_evaluated":824},"primary_metric_name":"pesq","primary_metric_value":2.5060265253759124,"inference_time_ms":30444.079399108887,"eval_log":"predict.py stderr: /workspace/predict.py:78: FutureWarning: `torch.cuda.amp.autocast(args...)` is deprecated. Please use `torch.amp.autocast('cuda', args...)` instead.\n  with torch.cuda.amp.autocast():\n[predict.py stderr] /workspace/predict.py:78: FutureWarning: `torch.cuda.amp.autocast(args...)` is deprecated. Please use `torch.amp.autocast('cuda', args...)` instead.\n  with torch.cuda.amp.autocast():\n\n[eval_harness] Phase 1: Running predict script: /workspace/predict.py\n  interpreter: /usr/bin/python\n  checkpoint:  /workspace/checkpoints/best.pt\n  data_path:   /data\n  output:      /experiments/iter_015/eval_result_predictions.json\n[eval_harness] Phase 2: Running evaluator\n[eval_harness] Result: {'pesq': 2.506, 'csig': 3.8376, 'cbak': 3.3142, 'covl': 3.1719, 'stoi': 0.9385, 'num_evaluated': 824}"},"observation":null,"workspace_files":["explore_data.py","model.py","predict.py","save_dummy_checkpoint.py","train.py"],"file_sources":{"explore_data.py":1,"predict.py":13,"save_dummy_checkpoint.py":2,"model.py":13,"train.py":13},"agent_done":false,"done_reason":null,"static_export":{"workspace_scope":"carry_forward_source_files","omitted_files":0}}