{"path":"stats_v2.json","iteration":17,"content":"{\"state_mean\": [-0.0446840541553885, 0.035911302746277476, 0.7972035197032609, 2.938052166793736, -0.16567489574006689, -0.11242009672963583, 0.02676813769610683, -0.027011092781937793, 0.0, 0.0, 0.0, 0.0, 0.0, 0.0, 0.0, 0.0, 0.0, 0.0, 0.0, 0.0, 0.0, 0.0, 0.0, 0.0, 0.0, 0.0, 0.0, 0.0, 0.0, 0.0, 0.0, 0.0], \"state_std\": [0.101879786935233, 0.1520181842957661, 0.36293398910768304, 0.3952647660712981, 0.9537511115351349, 0.3391597494607848, 0.014441985535510352, 0.014427813427446477, 0.0001, 0.0001, 0.0001, 0.0001, 0.0001, 0.0001, 0.0001, 0.0001, 0.0001, 0.0001, 0.0001, 0.0001, 0.0001, 0.0001, 0.0001, 0.0001, 0.0001, 0.0001, 0.0001, 0.0001, 0.0001, 0.0001, 0.0001, 0.0001], \"action_mean\": [0.06489516556993155, 0.08239978253543943, -0.08946233022650668, 0.001215697987240601, 0.0054318739878891934, -0.0020579250601771865, -0.06469961977186311, 0.0, 0.0, 0.0, 0.0, 0.0, 0.0, 0.0, 0.0, 0.0, 0.0, 0.0, 0.0, 0.0, 0.0, 0.0, 0.0, 0.0, 0.0, 0.0, 0.0, 0.0, 0.0, 0.0, 0.0, 0.0], \"action_std\": [0.3358064715782628, 0.37819924361086676, 0.4468887177026722, 0.043924548155475446, 0.06750758327278118, 0.08022826425111423, 0.9979047896474775, 0.0001, 0.0001, 0.0001, 0.0001, 0.0001, 0.0001, 0.0001, 0.0001, 0.0001, 0.0001, 0.0001, 0.0001, 0.0001, 0.0001, 0.0001, 0.0001, 0.0001, 0.0001, 0.0001, 0.0001, 0.0001, 0.0001, 0.0001, 0.0001, 0.0001]}"}