{"iteration":20,"action":{"reasoning":"Observation: Training completed (iter 19) with 15 epochs, likely new best.pt saved. Alert: NO eval yet, score will be ZERO if not submitted. Must submit eval immediately to get test EER despite previous evaluator failures. Need to check dev EER from logs and confirm model works. Decision: Inspect training metrics, then submit eval with best.pt to get test EER (despite previous evaluator failures).","command":"cat logs/iter_19/metrics.jsonl | tail -20","submit_eval":{"checkpoint_path":"checkpoints/best.pt","predict_script":"predict.py"},"done":false,"files_written":[]},"command_output":{"exit_code":0,"timed_out":false,"elapsed_seconds":0.11429953575134277,"stdout":"{\"step\": 22100, \"loss\": 0.2011432014025337}\n{\"step\": 22200, \"loss\": 0.2013727019002591}\n{\"step\": 22218, \"eer_clean\": 0.0011212773591675637, \"eer_aug\": 0.0021977036239684247}\n{\"step\": 22300, \"loss\": 0.1996064131579748}\n{\"step\": 22400, \"loss\": 0.20170237189465826}\n{\"step\": 22500, \"loss\": 0.2014490695709878}\n{\"step\": 22600, \"loss\": 0.2011682910756915}\n{\"step\": 22700, \"loss\": 0.2010619538948249}\n{\"step\": 22800, \"loss\": 0.2007576131175474}\n{\"step\": 22900, \"loss\": 0.2005475664025178}\n{\"step\": 23000, \"loss\": 0.20061691734187134}\n{\"step\": 23100, \"loss\": 0.2004686639625199}\n{\"step\": 23200, \"loss\": 0.2004701625821304}\n{\"step\": 23300, \"loss\": 0.20053188341657688}\n{\"step\": 23400, \"loss\": 0.20054961371593266}\n{\"step\": 23500, \"loss\": 0.20058872286875423}\n{\"step\": 23600, \"loss\": 0.2005170989679186}\n{\"step\": 23700, \"loss\": 0.20065377069468762}\n{\"step\": 23800, \"loss\": 0.20056973205580272}\n{\"step\": 23805, \"eer_clean\": 0.0008073196986006459, \"eer_aug\": 0.0016594904915679942}\n","stderr":""},"eval_result":null,"observation":null,"workspace_files":["model.py","predict.py","test_pred.py","train.py"],"file_sources":{"model.py":11,"train.py":19,"predict.py":18,"test_pred.py":13},"agent_done":false,"done_reason":null,"static_export":{"workspace_scope":"carry_forward_source_files","omitted_files":0}}