{"iteration":10,"data":[{"step":1,"ic_mean":0.023696039441690697,"rank_ic_mean":0.030617822456749814,"icir":0.14793273172097268}]}