{"iteration":11,"data":[{"step":0,"split":"valid","ic_mean":0.03834220773970286,"rank_ic_mean":0.0364976582038677,"icir":0.22872704016747417}]}