{"iteration":12,"data":[{"step":0,"variant":"lgb_only_a","ic_mean":0.038885021068654074,"rank_ic_mean":0.036383371204649434,"icir":0.22950663542460287,"total_days":243},{"step":1,"variant":"lgb_only_b","ic_mean":0.03875719086478752,"rank_ic_mean":0.03570429677047989,"icir":0.23122764828498815,"total_days":243},{"step":2,"variant":"lgb_only_c","ic_mean":0.03820417049032867,"rank_ic_mean":0.03612492385721077,"icir":0.22559536238212766,"total_days":243}]}