{"iteration":15,"data":[{"step":999,"ic_mean":0.0395512638111074,"rank_ic_mean":0.038173185046277695,"icir":0.2385769635544947,"total_days":243,"tuned_weight_ic":0.0395512638111074}]}