{"iteration":2,"data":[{"step":1,"ic_mean":0.02488792521267232,"rank_ic_mean":0.020423097729467817,"icir":0.173878826259135,"total_days":243}]}