{"iteration":3,"data":[{"step":1,"ic_mean":0.022464786310628912,"rank_ic_mean":0.019103673493849387,"icir":0.15166608483033808,"total_days":243}]}