{"iteration":4,"data":[{"step":1,"ic_mean":0.02828655561584698,"rank_ic_mean":0.017342001597118756,"icir":0.15834507027156977,"total_days":243}]}