{"iteration":5,"data":[{"step":1,"ic_mean":0.022397267156551305,"rank_ic_mean":0.013053580876873238,"icir":0.16475826645609512}]}