{"iteration":6,"data":[{"step":1,"ic_mean":0.09571691630260168,"rank_ic_mean":0.10513534396740715,"icir":0.5586335192105627,"total_days":243,"n_features":158,"up_days":1657,"down_days":1507}]}