{"iteration":8,"data":[{"step":1,"ic_mean":0.01209639757846779,"rank_ic_mean":0.004975039569863256,"icir":0.06793435303039325,"total_days":243}]}