{"iteration":9,"data":[{"step":1,"ic_mean":0.022375558239874437,"rank_ic_mean":0.034079583133470946,"icir":0.1351403939791644,"total_days":243}]}