{"path":"local_testdata2/norm_stats.json","iteration":12,"content":"{\"z500_mean\": 54108.27734375, \"z500_std\": 3352.875244140625, \"t850_mean\": 274.52557373046875, \"t850_std\": 15.594566345214844}"}