{"iteration":4,"data":[{"step":1,"train_mae":2.259873553276062,"val_mae":1.0779815764285503,"lr":0.0}]}