{"iteration":5,"data":[{"step":1,"train_mae":0.6311501103071601,"val_mae":0.4526071642524576,"lr":0.00075,"epoch_time_sec":21.90518021583557},{"step":2,"train_mae":0.39480068843362864,"val_mae":0.4191821566522054,"lr":0.0002500000000000001,"epoch_time_sec":21.859252214431763},{"step":3,"train_mae":0.29623586363968885,"val_mae":0.2809593107350572,"lr":0.0,"epoch_time_sec":20.982040643692017}]}