{"path":"results/checkpoint-2200/trainer_state.json","iteration":13,"content":"{\n  \"best_global_step\": null,\n  \"best_metric\": null,\n  \"best_model_checkpoint\": null,\n  \"epoch\": 0.1761479642900036,\n  \"eval_steps\": 500,\n  \"global_step\": 2200,\n  \"is_hyper_param_search\": false,\n  \"is_local_process_zero\": true,\n  \"is_world_process_zero\": true,\n  \"log_history\": [\n    {\n      \"entropy\": 6.720517166852951,\n      \"epoch\": 0.004003362824772809,\n      \"grad_norm\": NaN,\n      \"learning_rate\": 0.0,\n      \"loss\": 12.7934,\n      \"mean_token_accuracy\": 0.001880759873893112,\n      \"num_tokens\": 36461.0,\n      \"step\": 50\n    },\n    {\n      \"entropy\": 6.717965705394745,\n      \"epoch\": 0.008006725649545618,\n      \"grad_norm\": NaN,\n      \"learning_rate\": 0.0,\n      \"loss\": 12.7874,\n      \"mean_token_accuracy\": 0.0018776260945014655,\n      \"num_tokens\": 72893.0,\n      \"step\": 100\n    },\n    {\n      \"entropy\": 6.720875517129898,\n      \"epoch\": 0.012010088474318427,\n      \"grad_norm\": NaN,\n      \"learning_rate\": 0.0,\n      \"loss\": 12.8102,\n      \"mean_token_accuracy\": 0.0018129762131138705,\n      \"num_tokens\": 112673.0,\n      \"step\": 150\n    },\n    {\n      \"entropy\": 6.722738530635834,\n      \"epoch\": 0.016013451299091236,\n      \"grad_norm\": NaN,\n      \"learning_rate\": 0.0,\n      \"loss\": 12.8229,\n      \"mean_token_accuracy\": 0.002052635110449046,\n      \"num_tokens\": 152262.0,\n      \"step\": 200\n    },\n    {\n      \"entropy\": 6.742494406700135,\n      \"epoch\": 0.020016814123864045,\n      \"grad_norm\": NaN,\n      \"learning_rate\": 0.0,\n      \"loss\": 12.792,\n      \"mean_token_accuracy\": 0.0023122918518492953,\n      \"num_tokens\": 189665.0,\n      \"step\": 250\n    },\n    {\n      \"entropy\": 6.7445529627799985,\n      \"epoch\": 0.024020176948636854,\n      \"grad_norm\": NaN,\n      \"learning_rate\": 0.0,\n      \"loss\": 12.7887,\n      \"mean_token_accuracy\": 0.0021807180071482437,\n      \"num_tokens\": 226025.0,\n      \"step\": 300\n    },\n    {\n      \"entropy\": 6.713227889537811,\n      \"epoch\": 0.028023539773409663,\n      \"grad_norm\": NaN,\n      \"learning_rate\": 0.0,\n      \"loss\": 12.8443,\n      \"mean_token_accuracy\": 0.0016560253023635595,\n      \"num_tokens\": 264124.0,\n      \"step\": 350\n    },\n    {\n      \"entropy\": 6.735020461082459,\n      \"epoch\": 0.03202690259818247,\n      \"grad_norm\": NaN,\n      \"learning_rate\": 0.0,\n      \"loss\": 12.8133,\n      \"mean_token_accuracy\": 0.0018436114501673728,\n      \"num_tokens\": 298148.0,\n      \"step\": 400\n    },\n    {\n      \"entropy\": 6.6997178471088406,\n      \"epoch\": 0.03603026542295528,\n      \"grad_norm\": NaN,\n      \"learning_rate\": 0.0,\n      \"loss\": 12.875,\n      \"mean_token_accuracy\": 0.002458169448655099,\n      \"num_tokens\": 335574.0,\n      \"step\": 450\n    },\n    {\n      \"entropy\": 6.7122397649288175,\n      \"epoch\": 0.04003362824772809,\n      \"grad_norm\": NaN,\n      \"learning_rate\": 0.0,\n      \"loss\": 12.7511,\n      \"mean_token_accuracy\": 0.001818135330104269,\n      \"num_tokens\": 373354.0,\n      \"step\": 500\n    },\n    {\n      \"entropy\": 6.714784872531891,\n      \"epoch\": 0.0440369910725009,\n      \"grad_norm\": NaN,\n      \"learning_rate\": 0.0,\n      \"loss\": 12.8054,\n      \"mean_token_accuracy\": 0.0015714701788965614,\n      \"num_tokens\": 409572.0,\n      \"step\": 550\n    },\n    {\n      \"entropy\": 6.714962292909622,\n      \"epoch\": 0.04804035389727371,\n      \"grad_norm\": NaN,\n      \"learning_rate\": 0.0,\n      \"loss\": 12.8657,\n      \"mean_token_accuracy\": 0.0018752974848030134,\n      \"num_tokens\": 447382.0,\n      \"step\": 600\n    },\n    {\n      \"entropy\": 6.71004398226738,\n      \"epoch\": 0.05204371672204652,\n      \"grad_norm\": NaN,\n      \"learning_rate\": 0.0,\n      \"loss\": 12.7925,\n      \"mean_token_accuracy\": 0.0022909803641960025,\n      \"num_tokens\": 486045.0,\n      \"step\": 650\n    },\n    {\n      \"entropy\": 6.716348948478699,\n      \"epoch\": 0.056047079546819326,\n      \"grad_norm\": NaN,\n      \"learning_rate\": 0.0,\n      \"loss\": 12.8312,\n      \"mean_token_accuracy\": 0.001830897984909825,\n      \"num_tokens\": 523982.0,\n      \"step\": 700\n    },\n    {\n      \"entropy\": 6.7218963134288785,\n      \"epoch\": 0.060050442371592135,\n      \"grad_norm\": NaN,\n      \"learning_rate\": 0.0,\n      \"loss\": 12.7824,\n      \"mean_token_accuracy\": 0.001964357184479013,\n      \"num_tokens\": 560142.0,\n      \"step\": 750\n    },\n    {\n      \"entropy\": 6.718718676567078,\n      \"epoch\": 0.06405380519636494,\n      \"grad_norm\": NaN,\n      \"learning_rate\": 0.0,\n      \"loss\": 12.7763,\n      \"mean_token_accuracy\": 0.0017404264479409903,\n      \"num_tokens\": 596526.0,\n      \"step\": 800\n    },\n    {\n      \"entropy\": 6.73482080578804,\n      \"epoch\": 0.06805716802113776,\n      \"grad_norm\": NaN,\n      \"learning_rate\": 0.0,\n      \"loss\": 12.7371,\n      \"mean_token_accuracy\": 0.0017599854787113144,\n      \"num_tokens\": 634032.0,\n      \"step\": 850\n    },\n    {\n      \"entropy\": 6.726305053234101,\n      \"epoch\": 0.07206053084591056,\n      \"grad_norm\": NaN,\n      \"learning_rate\": 0.0,\n      \"loss\": 12.8186,\n      \"mean_token_accuracy\": 0.001853770370944403,\n      \"num_tokens\": 670838.0,\n      \"step\": 900\n    },\n    {\n      \"entropy\": 6.715214927196502,\n      \"epoch\": 0.07606389367068338,\n      \"grad_norm\": NaN,\n      \"learning_rate\": 0.0,\n      \"loss\": 12.783,\n      \"mean_token_accuracy\": 0.002372261739219539,\n      \"num_tokens\": 711409.0,\n      \"step\": 950\n    },\n    {\n      \"entropy\": 6.736007651090622,\n      \"epoch\": 0.08006725649545618,\n      \"grad_norm\": NaN,\n      \"learning_rate\": 0.0,\n      \"loss\": 12.867,\n      \"mean_token_accuracy\": 0.0013889535178896039,\n      \"num_tokens\": 747676.0,\n      \"step\": 1000\n    },\n    {\n      \"entropy\": 6.714060003757477,\n      \"epoch\": 0.084070619320229,\n      \"grad_norm\": NaN,\n      \"learning_rate\": 0.0,\n      \"loss\": 12.7717,\n      \"mean_token_accuracy\": 0.0013838311994913966,\n      \"num_tokens\": 784858.0,\n      \"step\": 1050\n    },\n    {\n      \"entropy\": 6.71573120713234,\n      \"epoch\": 0.0880739821450018,\n      \"grad_norm\": NaN,\n      \"learning_rate\": 0.0,\n      \"loss\": 12.8428,\n      \"mean_token_accuracy\": 0.0014740015761344693,\n      \"num_tokens\": 822742.0,\n      \"step\": 1100\n    },\n    {\n      \"entropy\": 6.725967248678208,\n      \"epoch\": 0.09207734496977461,\n      \"grad_norm\": NaN,\n      \"learning_rate\": 0.0,\n      \"loss\": 12.7977,\n      \"mean_token_accuracy\": 0.002028174115694128,\n      \"num_tokens\": 859971.0,\n      \"step\": 1150\n    },\n    {\n      \"entropy\": 6.71131553530693,\n      \"epoch\": 0.09608070779454742,\n      \"grad_norm\": NaN,\n      \"learning_rate\": 0.0,\n      \"loss\": 12.8433,\n      \"mean_token_accuracy\": 0.0014663967667729594,\n      \"num_tokens\": 897396.0,\n      \"step\": 1200\n    },\n    {\n      \"entropy\": 6.712123193740845,\n      \"epoch\": 0.10008407061932023,\n      \"grad_norm\": NaN,\n      \"learning_rate\": 0.0,\n      \"loss\": 12.7256,\n      \"mean_token_accuracy\": 0.0022100813005818056,\n      \"num_tokens\": 934429.0,\n      \"step\": 1250\n    },\n    {\n      \"entropy\": 6.696531454324722,\n      \"epoch\": 0.10408743344409303,\n      \"grad_norm\": NaN,\n      \"learning_rate\": 0.0,\n      \"loss\": 12.8545,\n      \"mean_token_accuracy\": 0.0020784055849071593,\n      \"num_tokens\": 973077.0,\n      \"step\": 1300\n    },\n    {\n      \"entropy\": 6.719318255186081,\n      \"epoch\": 0.10809079626886585,\n      \"grad_norm\": NaN,\n      \"learning_rate\": 0.0,\n      \"loss\": 12.8954,\n      