{"iteration":1,"data":[{"step":1,"train_loss":0.6050854307758389,"train_auc":0.6968193141740606,"val_loss":0.6031160434670448,"val_auc":0.6915739034628103},{"step":2,"train_loss":0.5796554862223754,"train_auc":0.7240467173302502,"val_loss":0.5800044907157299,"val_auc":0.715363050257712},{"step":3,"train_loss":0.5656134801191636,"train_auc":0.7400226572826667,"val_loss":0.5689055755971504,"val_auc":0.7274437322434912},{"step":4,"train_loss":0.5564686401240094,"train_auc":0.7514997057746929,"val_loss":0.5614660117158918,"val_auc":0.737296108219614}]}