{"iteration":1,"data":[{"step":1,"train_loss":0.4294699397227659,"val_loss":0.4034779592910749},{"step":2,"train_loss":0.41040134410036067,"val_loss":0.3927638564350742}]}