{"iteration":2,"data":[{"step":1,"loss":4.360790729522705,"acc":0.0,"lr":1.3333333333333336e-07}]}