{"iteration":1,"data":[{"epoch":1,"train_loss":9.531389835810788,"train_rho":0.016121308431769357,"val_rho":0.4417070469577979},{"epoch":2,"train_loss":9.03552531147676,"train_rho":0.09830202144233377,"val_rho":0.46980524518984684},{"epoch":3,"train_loss":8.867382883376068,"train_rho":0.18771450948154086,"val_rho":0.47570958258562396}]}