{"iteration":8,"data":[{"step":0,"loss":4.2019805908203125,"acc":0.015625,"lr":1.3315579227696407e-08}]}