{"iteration":1,"data":[{"step":83,"epoch":1,"loss":1.6961110851850854,"val_balanced_accuracy":0.6500000029802322,"val_acc":0.6499999761581421},{"step":166,"epoch":2,"loss":0.6473760935197393,"val_balanced_accuracy":0.6919999977201223,"val_acc":0.6919999718666077},{"step":249,"epoch":3,"loss":0.5215299865567541,"val_balanced_accuracy":0.7109999980032444,"val_acc":0.7110000252723694}]}