{"iteration":6,"data":[{"step":200,"loss":0.09984730929136276,"lr":1.4218009478672984e-05},{"step":400,"loss":0.07995255291461945,"lr":2.8436018957345967e-05},{"step":600,"loss":0.0692446231842041,"lr":4.265402843601895e-05},{"step":800,"loss":0.06414881348609924,"lr":5.6872037914691935e-05}]}