{"path":"catboost_info/catboost_training.json","iteration":21,"content":"{\n\"meta\":{\"test_sets\":[\"test\"],\"test_metrics\":[{\"best_value\":\"Max\",\"name\":\"NDCG:type=Base\"}],\"learn_metrics\":[],\"launch_mode\":\"Train\",\"parameters\":\"\",\"iteration_count\":3000,\"learn_sets\":[\"learn\"],\"name\":\"experiment\"},\n\"iterations\":[\n{\"iteration\":0,\"passed_time\":0.07400081259,\"remaining_time\":221.928437,\"test\":[-0.3158584486]},\n{\"iteration\":5,\"passed_time\":0.1352629418,\"remaining_time\":67.49620795,\"test\":[-0.2088240381]},\n{\"iteration\":10,\"passed_time\":0.1911361168,\"remaining_time\":51.93689574,\"test\":[-0.1761260844]},\n{\"iteration\":15,\"passed_time\":0.2413450492,\"remaining_time\":45.01085168,\"test\":[-0.1739795665]},\n{\"iteration\":20,\"passed_time\":0.2920941373,\"remaining_time\":41.43563977,\"test\":[-0.1746882561]},\n{\"iteration\":25,\"passed_time\":0.341662301,\"remaining_time\":39.08091089,\"test\":[-0.1482123531]},\n{\"iteration\":30,\"passed_time\":0.3928351112,\"remaining_time\":37.62346598,\"test\":[-0.1473025598]},\n{\"iteration\":35,\"passed_time\":0.442664877,\"remaining_time\":36.44607488,\"test\":[-0.1469906099]},\n{\"iteration\":40,\"passed_time\":0.4921734455,\"remaining_time\":35.52051769,\"test\":[-0.1462207577]},\n{\"iteration\":45,\"passed_time\":0.5427040228,\"remaining_time\":34.85103659,\"test\":[-0.1432893787]},\n{\"iteration\":50,\"passed_time\":0.5940264168,\"remaining_time\":34.34870398,\"test\":[-0.1393578713]},\n{\"iteration\":55,\"passed_time\":0.64426068,\"remaining_time\":33.86970432,\"test\":[-0.1445934489]},\n{\"iteration\":60,\"passed_time\":0.6953476993,\"remaining_time\":33.50208013,\"test\":[-0.1432922919]},\n{\"iteration\":65,\"passed_time\":0.7446214755,\"remaining_time\":33.10180923,\"test\":[-0.1393318892]},\n{\"iteration\":70,\"passed_time\":0.7950086709,\"remaining_time\":32.796907,\"test\":[-0.1421375393]},\n{\"iteration\":75,\"passed_time\":0.8466521956,\"remaining_time\":32.57382921,\"test\":[-0.1427415389]},\n{\"iteration\":80,\"passed_time\":0.8949585422,\"remaining_time\":32.25165413,\"test\":[-0.1387378937]},\n{\"iteration\":85,\"passed_time\":0.9454849544,\"remaining_time\":32.03654834,\"test\":[-0.1458510684]},\n{\"iteration\":90,\"passed_time\":0.9950016114,\"remaining_time\":31.80724931,\"test\":[-0.1434597337]},\n{\"iteration\":95,\"passed_time\":1.044616555,\"remaining_time\":31.59965078,\"test\":[-0.1439153218]},\n{\"iteration\":100,\"passed_time\":1.09549153,\"remaining_time\":31.44386085,\"test\":[-0.1439686535]},\n{\"iteration\":105,\"passed_time\":1.146400946,\"remaining_time\":31.29890884,\"test\":[-0.1678362059]},\n{\"iteration\":110,\"passed_time\":1.19608626,\"remaining_time\":31.13056943,\"test\":[-0.1690626978]},\n{\"iteration\":115,\"passed_time\":1.248387274,\"remaining_time\":31.03749049,\"test\":[-0.1685701807]},\n{\"iteration\":120,\"passed_time\":1.299162381,\"remaining_time\":30.91147516,\"test\":[-0.177344864]},\n{\"iteration\":125,\"passed_time\":1.348043463,\"remaining_time\":30.74822945,\"test\":[-0.1766406297]},\n{\"iteration\":130,\"passed_time\":1.398108614,\"remaining_time\":30.6196459,\"test\":[-0.1746671238]},\n{\"iteration\":135,\"passed_time\":1.448739785,\"remaining_time\":30.50875547,\"test\":[-0.1754968751]},\n{\"iteration\":140,\"passed_time\":1.500762347,\"remaining_time\":30.43035142,\"test\":[-0.1767398743]},\n{\"iteration\":145,\"passed_time\":1.551612038,\"remaining_time\":30.33082711,\"test\":[-0.1763983816]},\n{\"iteration\":150,\"passed_time\":1.601099929,\"remaining_time\":30.20883243,\"test\":[-0.1759032507]},\n{\"iteration\":155,\"passed_time\":1.652073354,\"remaining_time\":30.11856806,\"test\":[-0.1747944665]},\n{\"iteration\":160,\"passed_time\":1.703498997,\"remaining_time\":30.03871835,\"test\":[-0.1744730613]},\n{\"iteration\":165,\"passed_time\":1.754001766,\"remaining_time\":29.94482534,\"test\":[-0.1762592608]},\n{\"iteration\":170,\"passed_time\":1.805530478,\"remaining_time\":29.87044281,\"test\":[-0.1753978074]},\n{\"iteration\":175,\"passed_time\":1.85651757,\"remaining_time\":29.78866829,\"test\":[-0.1746168377]},\n{\"iteration\":180,\"passed_time\":1.908352163,\"remaining_time\":29.72179419,\"test\":[-0.1753291368]},\n{\"iteration\":185,\"passed_time\":1.958136168,\"remaining_time\":29.62470525,\"test\":[-0.1747220805]},\n{\"iteration\":190,\"passed_time\":2.007115296,\"remaining_time\":29.51825585,\"test\":[-0.173434089]},\n{\"iteration\":195,\"passed_time\":2.057143365,\"remaining_time\":29.42974488,\"test\":[-0.1744170964]},\n{\"iteration\":200,\"passed_time\":2.107731474,\"remaining_time\":29.35094724,\"test\":[-0.1731967145]},\n{\"iteration\":205,\"passed_time\":2.157689578,\"remaining_time\":29.26497418,\"test\":[-0.1746986994]},\n{\"iteration\":210,\"passed_time\":2.207831934,\"remaining_time\":29.18314344,\"test\":[-0.1753879092]},\n{\"iteration\":215,\"passed_time\":2.258467306,\"remaining_time\":29.10913416,\"test\":[-0.1749420006]},\n{\"iteration\":220,\"passed_time\":2.30801328,\"remaining_time\":29.02248373,\"test\":[-0.1760741251]},\n{\"iteration\":225,\"passed_time\":2.359190112,\"remaining_time\":28.95749279,\"test\":[-0.1743078597]},\n{\"iteration\":230,\"passed_time\":2.410293496,\"remaining_time\":28.89221944,\"test\":[-0.1737032965]}\n]}"}