{"iteration":11,"data":[{"step":1,"train_loss":4.221523761749268,"train_acc":0.02734375,"epoch":0.5},{"step":2,"train_loss":4.198560476303101,"train_acc":0.0234375,"epoch":1.0},{"step":2,"val_loss":4.27856308221817,"val_acc":0.01513671875,"val_region_0_acc":0.03125,"val_region_1_acc":0.021212121212121213,"val_region_2_acc":0.007334963325183374,"val_region_3_acc":0.01107011070110701,"val_region_4_acc":0.028985507246376812,"val_worst_region_acc":0.007334963325183374}]}