{"iteration":9,"data":[{"step":1,"val_auc":0.7489502288940121,"val_loss":0.5506647773683888}]}