{"path":"temp_test/norm_stats.json","iteration":22,"content":"{\n  \"z500_mean\": 54108.27734375,\n  \"z500_std\": 3352.875244140625,\n  \"t850_mean\": 274.52557373046875,\n  \"t850_std\": 15.594566345214844\n}"}