{"iteration":10,"data":[{"step":1,"C":1.0,"train_bal_acc":0.8408039294262325,"val_bal_acc":0.8104608294040437},{"step":1,"C":0.1,"train_bal_acc":0.736234175501919,"val_bal_acc":0.7181313027369531}]}