{"iteration":14,"data":[{"step":1,"domain_tuned_val_bal_acc":0.8726167178450369,"best_combo":[["global_c10",0.8],["dino",0.19999999999999996]]}]}