{"iteration":5,"data":[{"step":1,"train_bal_acc":0.972317048311844,"val_bal_acc":0.8231011106814643}]}