{"iteration":5,"data":[{"step":80,"loss":6.879396587610245,"lr":6.338924922340728e-05},{"step":152,"val_loss":3.9245691317989677,"val_exact":0.0,"epoch":1}]}