{"iteration":2,"data":[{"step":80,"valid_ic":0.08895601441336569,"valid_rank_ic":0.06774925170904338,"valid_rmse":0.9943148732754165}]}