{"iteration":1,"data":[{"step":248,"epoch":1,"train_loss":1.4031611832399522,"train_acc":0.5183971774193549,"val_loss":0.9385075979709506,"val_acc":0.659483838636933,"val_bal_acc":0.590434280730186},{"step":496,"epoch":2,"train_loss":1.0100119337439537,"train_acc":0.6915322580645161,"val_loss":0.7276859422191227,"val_acc":0.7424204460035079,"val_bal_acc":0.7204791305046075}]}