{"iteration":19,"data":[{"val_loss":1.7695389231832606,"val_acc":0.34502630919569033,"val_bal_acc":0.39462617905735625,"val_rec_0":0.23529411764705882,"val_rec_1":0.37735849056603776,"val_rec_2":0.3956989247311828,"val_rec_3":0.35511363636363635,"val_rec_4":0.5042735042735043,"val_rec_5":0.48322147651006714,"val_rec_6":0.11253776435045318,"val_rec_7":0.7230392156862745,"val_rec_8":0.5255474452554745,"val_rec_9":0.23417721518987342,"step":331,"epoch":1,"loss":1.3050028384632215,"acc":0.5810045317220544,"lr":1.8406219337067314e-05},{"val_loss":0.9289327243371465,"val_acc":0.7344024054121774,"val_bal_acc":0.6603849880322292,"val_rec_0":0.2647058823529412,"val_rec_1":0.5400943396226415,"val_rec_2":0.7526881720430108,"val_rec_3":0.7585227272727273,"val_rec_4":0.6410256410256411,"val_rec_5":0.4966442953020134,"val_rec_6":0.8036253776435045,"val_rec_7":0.8308823529411765,"val_rec_8":0.8321167883211679,"val_rec_9":0.6835443037974683,"step":662,"epoch":2,"loss":0.9711756104789111,"acc":0.7148791540785498,"lr":1.159007049657605e-05},{"val_loss":0.6589330148798456,"val_acc":0.797544475068905,"val_bal_acc":0.7246712273968924,"val_rec_0":0.35294117647058826,"val_rec_1":0.6745283018867925,"val_rec_2":0.8,"val_rec_3":0.8267045454545454,"val_rec_4":0.7521367521367521,"val_rec_5":0.43288590604026844,"val_rec_6":0.8927492447129909,"val_rec_7":0.8014705882352942,"val_rec_8":0.8905109489051095,"val_rec_9":0.8227848101265823,"step":993,"epoch":3,"loss":0.8402249355690717,"acc":0.7678751258811681,"lr":3.8564803346762926e-06},{"val_loss":0.5675614334771699,"val_acc":0.8128288649461288,"val_bal_acc":0.7475625569327161,"val_rec_0":0.4117647058823529,"val_rec_1":0.7051886792452831,"val_rec_2":0.8365591397849462,"val_rec_3":0.8465909090909091,"val_rec_4":0.7948717948717948,"val_rec_5":0.4228187919463087,"val_rec_6":0.9025679758308157,"val_rec_7":0.8137254901960784,"val_rec_8":0.8807785888077859,"val_rec_9":0.8607594936708861,"step":1324,"epoch":4,"loss":0.7628975215275122,"acc":0.8021777442094663,"lr":5.000323792446933e-07}]}