{"iteration":6,"data":[{"val_loss":1.6973435570500124,"val_acc":0.4196943122024555,"val_bal_acc":0.4062792534113429,"val_rec_0":0.38235294117647056,"val_rec_1":0.25,"val_rec_2":0.5505376344086022,"val_rec_3":0.2528409090909091,"val_rec_4":0.3247863247863248,"val_rec_5":0.42953020134228187,"val_rec_6":0.37009063444108764,"val_rec_7":0.5808823529411765,"val_rec_8":0.681265206812652,"val_rec_9":0.24050632911392406,"step":331,"epoch":1,"loss":1.2595782798582693,"acc":0.5982502517623364,"lr":9.22354275395587e-06},{"val_loss":0.9872757662988432,"val_acc":0.7371586068654472,"val_bal_acc":0.6694117536903947,"val_rec_0":0.35294117647058826,"val_rec_1":0.5849056603773585,"val_rec_2":0.7849462365591398,"val_rec_3":0.5823863636363636,"val_rec_4":0.6666666666666666,"val_rec_5":0.5671140939597316,"val_rec_6":0.8126888217522659,"val_rec_7":0.8063725490196079,"val_rec_8":0.8588807785888077,"val_rec_9":0.6772151898734177,"step":662,"epoch":2,"loss":0.9222487492143567,"acc":0.7371601208459214,"lr":5.90285485730628e-06},{"val_loss":0.708958883238926,"val_acc":0.7925331996993235,"val_bal_acc":0.7258513382167247,"val_rec_0":0.35294117647058826,"val_rec_1":0.6933962264150944,"val_rec_2":0.8043010752688172,"val_rec_3":0.7159090909090909,"val_rec_4":0.7521367521367521,"val_rec_5":0.5637583892617449,"val_rec_6":0.872356495468278,"val_rec_7":0.821078431372549,"val_rec_8":0.8661800486618005,"val_rec_9":0.8164556962025317,"step":993,"epoch":3,"loss":0.8355075221767598,"acc":0.7724697885196374,"lr":2.1352083681756295e-06},{"val_loss":0.5963990250884725,"val_acc":0.8158356301678777,"val_bal_acc":0.7537564134405708,"val_rec_0":0.38235294117647056,"val_rec_1":0.7051886792452831,"val_rec_2":0.843010752688172,"val_rec_3":0.78125,"val_rec_4":0.8034188034188035,"val_rec_5":0.5738255033557047,"val_rec_6":0.8942598187311178,"val_rec_7":0.8088235294117647,"val_rec_8":0.878345498783455,"val_rec_9":0.8670886075949367,"step":1324,"epoch":4,"loss":0.7639321186031099,"acc":0.8041289023162135,"lr":5.00015774503825e-07}]}