{"iteration":6,"data":[{"step":1,"train_loss":15.780440094662998,"val_loss":22.789203643798828,"lr":0.0005}]}