{"path":"frontier_tuned_local_eval.json","iteration":7,"content":"{\"exploration_score\": 0.6767546834774394, \"success_rate\": 0.7333333333333333, \"explored_rate\": 0.9834856935671837, \"per_type\": {\"room\": {\"success_rate\": 0.6, \"explored_rate\": 0.9584022641276478}, \"tunnel\": {\"success_rate\": 0.8, \"explored_rate\": 0.9990200914921289}, \"outdoor\": {\"success_rate\": 0.8, \"explored_rate\": 0.9930347250817742}}}"}