{"iteration":4,"data":[{"step":1014,"epoch":1,"train_loss":9.953627158433964,"train_acc":0.56579758382643,"val_f1":0.35256500517777684,"val_acc":0.6422699093818665,"lr":2.9796223948194987e-05}]}