{"path":"ckpt_scores.json","iteration":28,"content":"[{\"ckpt\": \"checkpoints/best.pt\", \"exists\": true, \"size_mb\": 3470.7, \"overall\": 0.1904594526738639, \"worst\": 0.15442092716693878, \"region\": [0.15442092716693878, 0.19551965594291687, 0.18927444517612457, 0.18817900121212006, 0.21645021438598633]}, {\"ckpt\": \"checkpoints/last.pt\", \"exists\": true, \"size_mb\": 3470.7, \"overall\": 0.19196585488325382, \"worst\": 0.16562889516353607, \"region\": [0.16562889516353607, 0.1953672617673874, 0.1900024265050888, 0.1910243183374405, 0.21212121844291687]}, {\"ckpt\": \"checkpoints/cont_best.pt\", \"exists\": true, \"size_mb\": 1156.9, \"overall\": 0.19101180015064023, \"worst\": 0.15815691649913788, \"region\": [0.15815691649913788, 0.19567205011844635, 0.19024509191513062, 0.18856699764728546, 0.21645021438598633]}, {\"ckpt\": \"checkpoints/cont_last.pt\", \"exists\": true, \"size_mb\": 1156.9, \"overall\": 0.19101180015064023, \"worst\": 0.14445827901363373, \"region\": [0.14445827901363373, 0.19491009414196014, 0.18927444517612457, 0.1912829726934433, 0.2150072157382965]}]"}