{"iteration":20,"action":{"reasoning":"Observation: best hidden mae_60min is 0.0036 using the 5-epoch checkpoint; the 30-epoch checkpoint is worse alone but may have complementary errors. Analysis: before patching predict.py, evaluate tail-only checkpoint blends on validation cutpoints matching the hidden tail mechanism: latest observed window predicts the next 12 future timestamps. Decision: write and run a validation ensemble analysis over baseline/30-epoch checkpoints and blend weights, then use the result to choose a safe predict.py modification.","command":"python ensemble_tail_analysis.py","done":false,"files_written":["ensemble_tail_analysis.py"]},"command_output":{"exit_code":0,"timed_out":false,"elapsed_seconds":32.350154876708984,"stdout":"samples (1135, 12, 207)\nbase5 mae_all 2.911942720413208 horizons [2.0306999683380127, 2.303499937057495, 2.4951999187469482, 2.6577000617980957, 2.803299903869629, 2.924799919128418, 3.0420000553131104, 3.1558001041412354, 3.2455999851226807, 3.3385000228881836, 3.430799961090088, 3.5153000354766846]\nep30 mae_all 2.678222894668579 horizons [1.9610999822616577, 2.202399969100952, 2.3635001182556152, 2.4935998916625977, 2.6159000396728516, 2.707900047302246, 2.7892000675201416, 2.875999927520752, 2.9421000480651855, 2.998300075531006, 3.066200017929077, 3.122499942779541]\nbest_blend_score alpha_base 0.050000000000000044 mae_all 2.6775061283444486 horizons [1.9605, 2.2022, 2.3633, 2.4937, 2.6154, 2.7071, 2.7887, 2.8749, 2.9405, 2.997, 3.0653, 3.1215]\nhorizon_best_alphas_base [0.1, 0.05, 0.05, 0.025, 0.05, 0.05, 0.025, 0.05, 0.05, 0.05, 0.025, 0.05]\nhorizon_best_maes [1.9603, 2.2022, 2.3633, 2.4935, 2.6154, 2.7071, 2.7886, 2.8749, 2.9405, 2.997, 3.0653, 3.1215] mean 2.6774729073223447\n","stderr":""},"eval_result":null,"observation":null,"workspace_files":["ensemble_tail_analysis.py","model.py","predict.py","tail_analysis.py","tail_blend_analysis.py","train.py"],"file_sources":{"model.py":1,"train.py":1,"predict.py":6,"tail_analysis.py":5,"tail_blend_analysis.py":7,"ensemble_tail_analysis.py":20},"agent_done":false,"done_reason":null,"static_export":{"workspace_scope":"carry_forward_source_files","omitted_files":0}}