{"iteration":1,"data":[{"epoch":0,"val_mse":0.004764465188328135},{"epoch":1,"val_mse":0.004378088583894441}]}