{"path":"hybrid_local_eval.json","iteration":10,"content":"{\"exploration_score\": 0.45213066054527445, \"success_rate\": 0.5333333333333333, \"explored_rate\": 0.8816623293980042, \"per_type\": {\"room\": {\"success_rate\": 0.2, \"explored_rate\": 0.7983227684036952}, \"tunnel\": {\"success_rate\": 0.4, \"explored_rate\": 0.8466812410669128}, \"outdoor\": {\"success_rate\": 1.0, \"explored_rate\": 0.9999829787234041}}}"}