{"iteration":4,"data":[{"step":0,"val_spearman_rho":0.7083618268768413,"val_mse":4.060818672180176}]}