{"iteration":5,"data":[{"step":0,"val_spearman_rho":0.7618181951597809,"val_mse":3.2271710634940907}]}