{"iteration":6,"data":[{"step":0,"val_spearman_rho":0.8058737432948688,"val_mse":2.517031368067189}]}