{"iteration":5,"data":[{"step":1,"loss":0.05409259488653433,"val_ap":0.06748786326744763},{"step":2,"loss":0.04818634353100516,"val_ap":0.08282716738185329}]}