{"iteration":1,"data":[{"step":10,"loss":0.3449,"grad_norm":0.1344175934791565,"learning_rate":0.00015877852522924732,"epoch":0.32},{"step":20,"loss":0.2646,"grad_norm":0.0968862995505333,"learning_rate":5.9326335692419995e-05,"epoch":0.64},{"step":30,"loss":0.2619,"grad_norm":0.10664483904838562,"learning_rate":5.478104631726711e-07,"epoch":0.96},{"step":31,"train_runtime":62.2971,"train_samples_per_second":16.052,"train_steps_per_second":0.498,"total_flos":8184247953129472.0,"train_loss":0.28815712371180136,"epoch":0.992}]}