{"iteration":11,"data":[{"step":0,"train_loss":0.9965491938859738},{"step":1,"train_loss":0.9956229536472602}]}