{"iteration":13,"data":[{"step":0,"train_loss":0.9948367314032518},{"step":1,"train_loss":0.9932407601441869},{"step":2,"train_loss":0.9917412040556434}]}