{"iteration":14,"data":[{"epoch":0,"train_loss":-7.365876008450985,"val_pesq":1.4513926923274993},{"epoch":1,"train_loss":-10.302064960479736,"val_pesq":1.4451702654361724},{"epoch":2,"train_loss":-10.865036516189575,"val_pesq":1.5070120811462402},{"step":999,"val_pesq":1.5070120811462402}]}