{"iteration":1,"data":[{"step":1,"epoch":1,"train_loss":1.1460469513387108,"train_acc":0.6103767693588676,"acc":0.6774452701345651,"worst_region_acc":0.526774595267746,"region_acc":{"0":0.526774595267746,"1":0.6714416336482779,"2":0.6334303736050461,"3":0.7165028453181583,"4":0.7359307359307359}},{"step":2,"epoch":2,"train_loss":0.6207288639072475,"train_acc":0.7693068276436303,"acc":0.714500903795943,"worst_region_acc":0.5927770859277709,"region_acc":{"0":0.5927770859277709,"1":0.7066443157573911,"2":0.6749150897622513,"3":0.7479306777030522,"4":0.7922077922077922}}]}