{"iteration":21,"data":[{"step":0,"epoch":0,"val_worst":0.16064757108688354,"val_overall":0.19347225709264373,"region_acc":[0.16064757108688354,0.19719597697257996,0.19024509191513062,0.19335229694843292,0.21645021438598633]},{"step":300,"epoch":1,"train_loss":null,"train_acc":0.21380208333333334,"val_worst":0.14445827901363373,"val_overall":0.1917650012553352,"region_acc":[0.14445827901363373,0.1952148675918579,0.19267168641090393,0.1908949762582779,0.21789321303367615]},{"step":600,"epoch":2,"train_loss":null,"train_acc":0.21067708333333332,"val_worst":0.14570361375808716,"val_overall":0.19126286718553853,"region_acc":[0.14570361375808716,0.19704358279705048,0.19121572375297546,0.18934299051761627,0.21067820489406586]},{"step":900,"epoch":3,"train_loss":null,"train_acc":0.21002604166666666,"val_worst":0.1432129442691803,"val_overall":0.19256841576700978,"region_acc":[0.1432129442691803,0.19658640027046204,0.19364231824874878,0.1915416419506073,0.21645021438598633]}]}