{"iteration":16,"data":[{"step":1,"train_loss":3.172333673268807,"train_acc":0.31685957913700735,"val_loss":3.2414022447609225,"val_acc":0.33708100558659215},{"step":2,"train_loss":2.3578285862322375,"train_acc":0.5284289091019919,"val_loss":2.986260321458824,"val_acc":0.4075418994413408},{"step":3,"train_loss":1.9794107413664013,"train_acc":0.6515113546315925,"val_loss":2.8125094952370957,"val_acc":0.45942737430167596},{"step":4,"train_loss":1.7640277215985118,"train_acc":0.7184064910700377,"val_loss":2.7033786730245057,"val_acc":0.4872905027932961}]}