{"path":"ckpt/checkpoint-90/trainer_state.json","iteration":18,"content":"{\n  \"best_global_step\": null,\n  \"best_metric\": null,\n  \"best_model_checkpoint\": null,\n  \"epoch\": 3.0,\n  \"eval_steps\": 500,\n  \"global_step\": 90,\n  \"is_hyper_param_search\": false,\n  \"is_local_process_zero\": true,\n  \"is_world_process_zero\": true,\n  \"log_history\": [\n    {\n      \"epoch\": 0.03389830508474576,\n      \"grad_norm\": 0.29963669180870056,\n      \"learning_rate\": 1e-05,\n      \"loss\": 0.2063,\n      \"step\": 1\n    },\n    {\n      \"epoch\": 0.06779661016949153,\n      \"grad_norm\": 0.35043418407440186,\n      \"learning_rate\": 9.88888888888889e-06,\n      \"loss\": 0.22,\n      \"step\": 2\n    },\n    {\n      \"epoch\": 0.1016949152542373,\n      \"grad_norm\": 0.31603318452835083,\n      \"learning_rate\": 9.777777777777779e-06,\n      \"loss\": 0.2129,\n      \"step\": 3\n    },\n    {\n      \"epoch\": 0.13559322033898305,\n      \"grad_norm\": 0.21260669827461243,\n      \"learning_rate\": 9.666666666666667e-06,\n      \"loss\": 0.1767,\n      \"step\": 4\n    },\n    {\n      \"epoch\": 0.1694915254237288,\n      \"grad_norm\": 0.2798435091972351,\n      \"learning_rate\": 9.555555555555556e-06,\n      \"loss\": 0.1962,\n      \"step\": 5\n    },\n    {\n      \"epoch\": 0.2033898305084746,\n      \"grad_norm\": 0.18721792101860046,\n      \"learning_rate\": 9.444444444444445e-06,\n      \"loss\": 0.1587,\n      \"step\": 6\n    },\n    {\n      \"epoch\": 0.23728813559322035,\n      \"grad_norm\": 0.30814939737319946,\n      \"learning_rate\": 9.333333333333334e-06,\n      \"loss\": 0.197,\n      \"step\": 7\n    },\n    {\n      \"epoch\": 0.2711864406779661,\n      \"grad_norm\": 0.22886303067207336,\n      \"learning_rate\": 9.222222222222224e-06,\n      \"loss\": 0.1857,\n      \"step\": 8\n    },\n    {\n      \"epoch\": 0.3050847457627119,\n      \"grad_norm\": 0.29747483134269714,\n      \"learning_rate\": 9.111111111111112e-06,\n      \"loss\": 0.1995,\n      \"step\": 9\n    },\n    {\n      \"epoch\": 0.3389830508474576,\n      \"grad_norm\": 0.33984285593032837,\n      \"learning_rate\": 9e-06,\n      \"loss\": 0.2061,\n      \"step\": 10\n    },\n    {\n      \"epoch\": 0.3728813559322034,\n      \"grad_norm\": 0.19553805887699127,\n      \"learning_rate\": 8.888888888888888e-06,\n      \"loss\": 0.1558,\n      \"step\": 11\n    },\n    {\n      \"epoch\": 0.4067796610169492,\n      \"grad_norm\": 0.39943772554397583,\n      \"learning_rate\": 8.777777777777778e-06,\n      \"loss\": 0.231,\n      \"step\": 12\n    },\n    {\n      \"epoch\": 0.4406779661016949,\n      \"grad_norm\": 0.26635804772377014,\n      \"learning_rate\": 8.666666666666668e-06,\n      \"loss\": 0.1722,\n      \"step\": 13\n    },\n    {\n      \"epoch\": 0.4745762711864407,\n      \"grad_norm\": 0.28972384333610535,\n      \"learning_rate\": 8.555555555555556e-06,\n      \"loss\": 0.181,\n      \"step\": 14\n    },\n    {\n      \"epoch\": 0.5084745762711864,\n      \"grad_norm\": 0.35485225915908813,\n      \"learning_rate\": 8.444444444444446e-06,\n      \"loss\": 0.2091,\n      \"step\": 15\n    },\n    {\n      \"epoch\": 0.5423728813559322,\n      \"grad_norm\": 0.19169847667217255,\n      \"learning_rate\": 8.333333333333334e-06,\n      \"loss\": 0.1523,\n      \"step\": 16\n    },\n    {\n      \"epoch\": 0.576271186440678,\n      \"grad_norm\": 0.1939832717180252,\n      \"learning_rate\": 8.222222222222222e-06,\n      \"loss\": 0.1585,\n      \"step\": 17\n    },\n    {\n      \"epoch\": 0.6101694915254238,\n      \"grad_norm\": 0.2689778804779053,\n      \"learning_rate\": 8.111111111111112e-06,\n      \"loss\": 0.186,\n      \"step\": 18\n    },\n    {\n      \"epoch\": 0.6440677966101694,\n      \"grad_norm\": 0.3388407528400421,\n      \"learning_rate\": 8.000000000000001e-06,\n      \"loss\": 0.1587,\n      \"step\": 19\n    },\n    {\n      \"epoch\": 0.6779661016949152,\n      \"grad_norm\": 0.35552018880844116,\n      \"learning_rate\": 7.88888888888889e-06,\n      \"loss\": 0.1904,\n      \"step\": 20\n    },\n    {\n      \"epoch\": 0.711864406779661,\n      \"grad_norm\": 0.1362845003604889,\n      \"learning_rate\": 7.77777777777778e-06,\n      \"loss\": 0.1193,\n      \"step\": 21\n    },\n    {\n      \"epoch\": 0.7457627118644068,\n      \"grad_norm\": 0.18727409839630127,\n      \"learning_rate\": 7.666666666666667e-06,\n      \"loss\": 0.1493,\n      \"step\": 22\n    },\n    {\n      \"epoch\": 0.7796610169491526,\n      \"grad_norm\": 0.1941172033548355,\n      \"learning_rate\": 7.555555555555556e-06,\n      \"loss\": 0.1394,\n      \"step\": 23\n    },\n    {\n      \"epoch\": 0.8135593220338984,\n      \"grad_norm\": 0.3013470768928528,\n      \"learning_rate\": 7.444444444444445e-06,\n      \"loss\": 0.173,\n      \"step\": 24\n    },\n    {\n      \"epoch\": 0.847457627118644,\n      \"grad_norm\": 0.259856253862381,\n      \"learning_rate\": 7.333333333333333e-06,\n      \"loss\": 0.1641,\n      \"step\": 25\n    },\n    {\n      \"epoch\": 0.8813559322033898,\n      \"grad_norm\": 0.198746457695961,\n      \"learning_rate\": 7.222222222222223e-06,\n      \"loss\": 0.1506,\n      \"step\": 26\n    },\n    {\n      \"epoch\": 0.9152542372881356,\n      \"grad_norm\": 0.251384437084198,\n      \"learning_rate\": 7.111111111111112e-06,\n      \"loss\": 0.1717,\n      \"step\": 27\n    },\n    {\n      \"epoch\": 0.9491525423728814,\n      \"grad_norm\": 0.1301889568567276,\n      \"learning_rate\": 7e-06,\n      \"loss\": 0.1364,\n      \"step\": 28\n    },\n    {\n      \"epoch\": 0.9830508474576272,\n      \"grad_norm\": 0.15751676261425018,\n      \"learning_rate\": 6.88888888888889e-06,\n      \"loss\": 0.1489,\n      \"step\": 29\n    },\n    {\n      \"epoch\": 1.0,\n      \"grad_norm\": 0.2512502372264862,\n      \"learning_rate\": 6.777777777777779e-06,\n      \"loss\": 0.1919,\n      \"step\": 30\n    },\n    {\n      \"epoch\": 1.0338983050847457,\n      \"grad_norm\": 0.14513178169727325,\n      \"learning_rate\": 6.666666666666667e-06,\n      \"loss\": 0.1424,\n      \"step\": 31\n    },\n    {\n      \"epoch\": 1.0677966101694916,\n      \"grad_norm\": 0.12861204147338867,\n      \"learning_rate\": 6.555555555555556e-06,\n      \"loss\": 0.1355,\n      \"step\": 32\n    },\n    {\n      \"epoch\": 1.1016949152542372,\n      \"grad_norm\": 0.11763676255941391,\n      \"learning_rate\": 6.444444444444445e-06,\n      \"loss\": 0.134,\n      \"step\": 33\n    },\n    {\n      \"epoch\": 1.1355932203389831,\n      \"grad_norm\": 0.10580693185329437,\n      \"learning_rate\": 6.333333333333333e-06,\n      \"loss\": 0.1206,\n      \"step\": 34\n    },\n    {\n      \"epoch\": 1.1694915254237288,\n      \"grad_norm\": 0.1147192046046257,\n      \"learning_rate\": 6.222222222222223e-06,\n      \"loss\": 0.1254,\n      \"step\": 35\n    },\n    {\n      \"epoch\": 1.2033898305084745,\n      \"grad_norm\": 0.17043088376522064,\n      \"learning_rate\": 6.111111111111112e-06,\n      \"loss\": 0.1557,\n      \"step\": 36\n    },\n    {\n      \"epoch\": 1.2372881355932204,\n      \"grad_norm\": 0.13295911252498627,\n      \"learning_rate\": 6e-06,\n      \"loss\": 0.1367,\n      \"step\": 37\n    },\n    {\n      \"epoch\": 1.271186440677966,\n      \"grad_norm\": 0.1393825113773346,\n      \"learning_rate\": 5.88888888888889e-06,\n      \"loss\": 0.1331,\n      \"step\": 38\n    },\n    {\n      \"epoch\": 1.305084745762712,\n      \"grad_norm\": 0.1377963125705719,\n      \"learning_rate\": 5.777777777777778e-06,\n      \"loss\": 0.1457,\n      \"step\": 39\n    },\n    {\n      \"epoch\": 1.3389830508474576,\n      \"grad_norm\": 0.12229868024587631,\n      \"learning_rate\": 5.666666666666667e-06,\n      \"loss\": 0.1433,\n      \"step\": 40\n    },\n    {\n      \"epoch\": 1.3728813559322033,\n      \"grad_norm\": 0.1440192461013794,\n      \"learning_rate\": 5.555555555555557e-06,\n      \"loss\": 