{"iteration":15,"data":[{"step":10,"loss":0.1994,"grad_norm":0.2194679230451584,"learning_rate":2e-05,"epoch":0.006142506142506142}]}