{"iteration":2,"data":[{"step":5,"eval_loss":0.2634790241718292,"eval_runtime":128.2396,"eval_samples_per_second":23.846,"eval_steps_per_second":11.923,"epoch":0.0001919754271453254},{"step":10,"loss":0.2892,"grad_norm":0.15318164229393005,"learning_rate":2e-05,"epoch":0.0003839508542906508},{"step":10,"eval_loss":0.2600178122520447,"eval_runtime":132.181,"eval_samples_per_second":23.135,"eval_steps_per_second":11.567,"epoch":0.0003839508542906508},{"step":10,"train_runtime":274.073,"train_samples_per_second":0.146,"train_steps_per_second":0.036,"total_flos":291453802758144.0,"train_loss":0.2891892433166504,"epoch":0.0003839508542906508}]}