{"iteration":1,"data":[{"epoch":1,"loss":2.802876575305439,"val_exprate":0.002028397565922921},{"epoch":2,"loss":2.057499754923982,"val_exprate":0.015212981744421906},{"epoch":3,"loss":1.7493939658704276,"val_exprate":0.02028397565922921}]}