{"iteration":11,"data":[{"step":0,"loss":0.006832305128223683,"accuracy":0.11229245364665985},{"step":1,"loss":0.0037653156787034545,"accuracy":0.2710112929344177},{"step":2,"loss":0.0035283767574376393,"accuracy":0.489981472492218}]}