{"iteration":2,"data":[{"step":1,"loss":4.164306640625,"train_acc":0.0625,"lr":1.666666666666667e-08}]}