{"iteration":3,"data":[{"step":1,"loss":4.2637858390808105,"train_acc":0.0,"lr":1.666666666666667e-08}]}