{"iteration":4,"data":[{"step":1,"loss":4.438440322875977,"train_acc":0.0,"lr":1.666666666666667e-08,"epoch":0}]}