{"path":"hybrid_local_eval.json","iteration":14,"content":"{\"exploration_score\": 0.49793798729853345, \"success_rate\": 0.5416666666666666, \"explored_rate\": 0.9222616275405141, \"per_type\": {\"room\": {\"success_rate\": 0.125, \"explored_rate\": 0.7994579856790098}, \"tunnel\": {\"success_rate\": 0.625, \"explored_rate\": 0.9674327218030304}, \"outdoor\": {\"success_rate\": 0.875, \"explored_rate\": 0.9998941751395023}}}"}