{"iteration":24,"data":[{"step":0,"val_macro_f1":0.0830082249202792,"val_acc":0.20767328387139897,"tau":0.7000000000000002}]}