{"iteration":6,"data":[{"step":8,"epoch":1,"val_loss":4.817169189453125,"macro_f1":0.015486091195870376,"acc":0.052734375}]}