{"iteration":7,"action":{"reasoning":"Observation: the navmesh planner substantially improved distance-based navigation (nav_to_pos_success 0.10→0.76, avg distance 6.8→4.35) but nav_seek_success remains 0 because the policy only accumulates ~44 safe/facing steps, far below 500. Analysis: we need diagnose the close-range phase: whether Spot is too close/far, not facing, colliding, or losing the moving human after reaching it. Decision: add a compact diagnostic runner that logs per-episode distance/angle/follow histograms for the current policy, without changing the checkpoint yet.","command":"python diagnose_policy.py --episodes 3","done":false,"files_written":["diagnose_policy.py"]},"command_output":{"exit_code":0,"timed_out":false,"elapsed_seconds":48.01625299453735,"stdout":"{\"ep\": 0, \"habitat_success\": 0.0, \"nav_to_pos\": 1.0, \"reward\": -1.0119330489635467, \"steps\": 230, \"safe\": 34, \"found\": 14, \"collisions\": 1, \"mean_dist\": 4.894526650594629, \"p25_dist\": 2.5488211512565613, \"p50_dist\": 5.264641284942627, \"p75_dist\": 6.972166180610657, \"mean_abs_ang\": 0.7110775218345224, \"ang_lt_06\": 65, \"in_dist\": 35, \"planner_steps\": 176, \"mean_lin\": 0.5090359610950818, \"mean_abs_turn\": 0.7019056403402077, \"stat_avg_dist\": 4.914851128538966, \"stat_found\": 0.10822510822510822}\n{\"ep\": 1, \"habitat_success\": 0.0, \"nav_to_pos\": 1.0, \"reward\": -1.0508432358503341, \"steps\": 394, \"safe\": 31, \"found\": 252, \"collisions\": 1, \"mean_dist\": 3.470555180674277, \"p25_dist\": 2.6588807702064514, \"p50_dist\": 3.211074709892273, \"p75_dist\": 4.151229500770569, \"mean_abs_ang\": 0.3166195454217315, \"ang_lt_06\": 318, \"in_dist\": 31, \"planner_steps\": 319, \"mean_lin\": 0.7598682713947793, \"mean_abs_turn\": 0.3238032080013267, \"stat_avg_dist\": 3.4818364854100383, \"stat_found\": 0.060759493670886074}\n{\"ep\": 2, \"habitat_success\": 0.0, \"nav_to_pos\": 1.0, \"reward\": -1.0512782740592956, \"steps\": 313, \"safe\": 92, \"found\": 74, \"collisions\": 1, \"mean_dist\": 3.198349493761032, \"p25_dist\": 1.7189909219741821, \"p50_dist\": 2.353572368621826, \"p75_dist\": 3.4961743354797363, \"mean_abs_ang\": 0.7566173490841305, \"ang_lt_06\": 174, \"in_dist\": 97, \"planner_steps\": 158, \"mean_lin\": 0.4925642448103467, \"mean_abs_turn\": 0.5405712747721734, \"stat_avg_dist\": 3.2146486649467687, \"stat_found\": 0.15605095541401273}\n","stderr":"Gym has been unmaintained since 2022 and does not support NumPy 2.0 amongst other critical functionality.\nPlease upgrade to Gymnasium, the maintained drop-in replacement of Gym, or contact the authors of your software and request that they upgrade.\nSee the migration guide at https://gymnasium.farama.org/introduction/migration_guide/ for additional information.\nPluginManager::Manager: duplicate static plugin StbImageImporter, ignoring\nPluginManager::Manager: duplicate static plugin GltfImporter, ignoring\nPluginManager::Manager: duplicate static plugin BasisImporter, ignoring\nPluginManager::Manager: duplicate static plugin AssimpImporter, ignoring\nPluginManager::Manager: duplicate static plugin AnySceneImporter, ignoring\nPluginManager::Manager: duplicate static plugin AnyImageImporter, ignoring\n2026-05-05 20:15:02,450 Initializing dataset RearrangeDataset-v0\n2026-05-05 20:15:02,452 initializing sim RearrangeSim-v0\nPluginManager::Manager: duplicate static plugin StbImageImporter, ignoring\nPluginManager::Manager: duplicate static plugin GltfImporter, ignoring\nPluginManager::Manager: duplicate static plugin BasisImporter, ignoring\nPluginManager::Manager: duplicate static plugin AssimpImporter, ignoring\nPluginManager::Manager: duplicate static plugin AnySceneImporter, ignoring\nPluginManager::Manager: duplicate static plugin AnyImageImporter, ignoring\n2026-05-05 20:15:03,486 Initializing task RearrangePddlSocialNavTask-v0\nMeshTools::compile(): ignoring unknown/unsupported attribute Trade::MeshAttribute::Custom(0)\nMeshTools::compile(): ignoring unknown/unsupported attribute Trade::MeshAttribute::Custom(1)\n"},"eval_result":null,"observation":null,"workspace_files":["diagnose_policy.py","inspect_env.py","inspect_pose.py","inspect_sim.py","inspect_transform.py","local_eval/out.json","local_eval/out_planner.json","model.py","predict.py","train.py"],"file_sources":{"model.py":6,"train.py":6,"predict.py":6,"inspect_env.py":1,"local_eval/out.json":1,"inspect_sim.py":3,"inspect_pose.py":4,"inspect_transform.py":5,"local_eval/out_planner.json":6,"diagnose_policy.py":7},"agent_done":false,"done_reason":null,"static_export":{"workspace_scope":"carry_forward_source_files","omitted_files":0}}