{"iteration":2,"data":[{"step":1,"train_loss":1.691550437495651,"train_acc":0.5692771084337349,"val_acc":0.731,"val_balanced_acc":0.731,"lr":0.000225},{"step":2,"train_loss":0.2558131979172488,"train_acc":0.9092620481927711,"val_acc":0.74,"val_balanced_acc":0.74,"lr":7.500000000000003e-05},{"step":3,"train_loss":0.10781834266675883,"train_acc":0.9611257530120482,"val_acc":0.779,"val_balanced_acc":0.779,"lr":0.0}]}