{"iteration":6,"data":[{"epoch":0,"train_mae":0.5383704043791392,"val_mae":0.39823213046832995,"time":13.525736331939697},{"epoch":1,"train_mae":0.3139934467007297,"val_mae":0.3119550561973579,"time":12.145608901977539}]}