{"iteration":12,"data":[{"step":42,"val_ic":0.03562026843428612,"hidden_dim":512},{"step":123,"val_ic":0.03584730252623558,"hidden_dim":512},{"step":456,"val_ic":0.03622398525476456,"hidden_dim":1024}]}