{"iteration":23,"data":[{"step":30,"val_ic":0.033035014526999175,"test_ic":0.01538920654671376}]}