{"iteration":4,"data":[{"step":1,"loss":0.9856946325496279,"val_loss":0.996116578578949,"val_ic":0.0327986441552639},{"step":2,"loss":0.968133635353993,"val_loss":0.9957908391952515,"val_ic":0.038323208689689636},{"step":3,"loss":0.9657610779305755,"val_loss":0.997546911239624,"val_ic":0.03504224866628647}]}