{"iteration":9,"data":[{"step":26,"val_ic_lgb":0.0331767881136712,"val_loss_lgb":0.9957639528692418}]}