{"iteration":18,"data":[{"step":0,"val_acc":0.8199468212523355,"time":180.5971827507019},{"step":1,"val_acc":0.8238753413500695,"time":138.7250461578369},{"step":2,"val_acc":0.825899487376036,"time":133.751482963562},{"step":3,"val_acc":0.8264025295836727,"time":134.15929222106934}]}