{"iteration":7,"data":[{"step":0,"epoch":0,"loss":6.029111862182617,"train_acc":0.0,"lr":1.0000000000000001e-07},{"step":50,"epoch":0,"loss":4.412496566772461,"train_acc":0.4453125,"lr":5.1e-06},{"epoch":0,"val_acc":0.6586250066757202,"time":52.65068864822388}]}