{"iteration":2,"data":[{"step":1,"loss":8.937135696411133,"acc":0.0,"lr_clip":9.861932938856018e-09,"lr_cls":9.861932938856017e-08}]}