{"iteration":3,"data":[{"step":1,"loss":8.907773971557617,"accuracy":0.0,"lr":9.861932938856018e-09,"epoch":0}]}