{"path":"stats_pad.json","iteration":19,"content":"{\"state_mean\": [-0.046518782964107254, 0.034409066171901814, 0.7645525131792095, 2.9722095290211694, -0.22046978718823126, -0.12557940371042356, 0.026914252831829258, -0.02719078368876072, 0.0, 0.0, 0.0, 0.0, 0.0, 0.0, 0.0, 0.0, 0.0, 0.0, 0.0, 0.0, 0.0, 0.0, 0.0, 0.0, 0.0, 0.0, 0.0, 0.0, 0.0, 0.0, 0.0, 0.0], \"state_std\": [0.10494400233653378, 0.15176622749374089, 0.3785167283828477, 0.34427344112008296, 0.9069468584344333, 0.3253919177612915, 0.01417625643953018, 0.014059249886462373, 0.0001, 0.0001, 0.0001, 0.0001, 0.0001, 0.0001, 0.0001, 0.0001, 0.0001, 0.0001, 0.0001, 0.0001, 0.0001, 0.0001, 0.0001, 0.0001, 0.0001, 0.0001, 0.0001, 0.0001, 0.0001, 0.0001, 0.0001, 0.0001], \"action_mean\": [0.0627815651213653, 0.08684081061004909, -0.09037305956292688, 0.0005407430027901323, 0.005643379534648268, -0.00522909827704012, -0.04964072184740278, 0.0, 0.0, 0.0, 0.0, 0.0, 0.0, 0.0, 0.0, 0.0, 0.0, 0.0, 0.0, 0.0, 0.0, 0.0, 0.0, 0.0, 0.0, 0.0, 0.0, 0.0, 0.0, 0.0, 0.0, 0.0], \"action_std\": [0.3355237298512256, 0.37844700386595015, 0.44472860969024175, 0.03924366825574352, 0.0633930435350495, 0.07797034228144062, 0.9987671444007701, 0.0001, 0.0001, 0.0001, 0.0001, 0.0001, 0.0001, 0.0001, 0.0001, 0.0001, 0.0001, 0.0001, 0.0001, 0.0001, 0.0001, 0.0001, 0.0001, 0.0001, 0.0001, 0.0001, 0.0001, 0.0001, 0.0001, 0.0001, 0.0001, 0.0001]}"}