{"iteration":12,"data":[{"step":1,"loss":0.019818771176326733,"val_pesq":2.2229581988877847,"best_val_pesq":2.8490287606429723},{"step":2,"loss":0.016011674439964384,"val_pesq":2.266492540813667,"best_val_pesq":2.8490287606429723}]}