{"iteration":13,"data":[{"step":1,"loss":2.3389197796720516,"val_pesq":2.7755378687381747,"train_time":17.53935718536377,"val_time":3.211913585662842},{"step":2,"loss":2.3356506121323406,"val_pesq":2.7755378687381747,"train_time":9.764728307723999,"val_time":3.201369047164917},{"step":3,"loss":2.336948835904697,"val_pesq":2.7755378687381747,"train_time":10.680279731750488,"val_time":3.2052407264709473}]}