{"iteration":15,"data":[{"epoch":1,"loss":2.332722347452893,"val_pesq":2.787587245106697,"time":18.03586983680725},{"epoch":2,"loss":2.3373659982842416,"val_pesq":2.787587245106697,"time":11.067007780075073},{"epoch":3,"loss":2.3401971073927053,"val_pesq":2.787587245106697,"time":11.300626039505005},{"epoch":4,"loss":2.3378409575756796,"val_pesq":2.787587245106697,"time":11.510404825210571}]}