{"iteration":1,"data":[{"step":8,"val_ic":0.019111366682957376,"val_icir":0.13631570979138619}]}