{"iteration":21,"data":[{"step":1,"ensemble_val_ic":0.016864970326423645,"ensemble_rank_ic":0.009391112974699144}]}