{"iteration":3,"data":[{"step":121,"val_ic":0.025284825372316022,"val_icir":0.1796535608012901,"val_rank_ic":0.022652262894132077}]}