{"path":"ensemble_15/weights.json","iteration":25,"content":"{\n  \"m0.pt\": 0.0,\n  \"m1.pt\": 0.0948267512107843,\n  \"m10.pt\": 0.026843915584814467,\n  \"m11.pt\": 0.08615770174029115,\n  \"m12.pt\": 0.05411940944899599,\n  \"m13.pt\": 0.1693857862056172,\n  \"m14.pt\": 0.05257312095217431,\n  \"m2.pt\": 0.0911637067945446,\n  \"m3.pt\": 0.0,\n  \"m4.pt\": 0.14525559527870546,\n  \"m5.pt\": 0.11378827684509574,\n  \"m6.pt\": 0.0,\n  \"m7.pt\": 0.03459321145155243,\n  \"m8.pt\": 0.0,\n  \"m9.pt\": 0.13129252448742443\n}"}