{"iteration":1,"data":[{"step":0,"train_loss":0.6500722428710292,"val_auc":0.6935005477349292},{"step":1,"train_loss":0.5981967618575604,"val_auc":0.7149516571771226}]}