{"iteration":13,"data":[{"step":0,"esm_mut_ensemble_sp":0.8836100421045612,"mut_only_ensemble_sp":0.8757710068994977}]}