{"iteration":7,"data":[{"step":0,"val_spearman_best_ridge":0.833205644045105,"val_spearman_ensemble":0.7598349875845521},{"step":1,"val_spearman_nn_ensemble":0.8028287342179604}]}