{"iteration":1,"data":[{"step":0,"loss":6.503102664599283,"balanced_acc":0.01,"acc":0.01},{"step":1,"loss":6.455164525056993,"balanced_acc":0.01,"acc":0.01}]}