{"path":"hybrid_local_eval.json","iteration":5,"content":"{\"exploration_score\": 0.3416220341379224, \"success_rate\": 0.4666666666666667, \"explored_rate\": 0.9793213733243005, \"per_type\": {\"room\": {\"success_rate\": 0.4, \"explored_rate\": 0.9573433606191871}, \"tunnel\": {\"success_rate\": 0.6, \"explored_rate\": 0.9884695441098668}, \"outdoor\": {\"success_rate\": 0.4, \"explored_rate\": 0.9921512152438478}}}"}