{"iteration":9,"data":[{"step":0,"val_pesq":2.8453732654452324,"val_stoi":0.8726504355220662,"postmix_a":1.0,"postmix_b":0.03}]}