{"iteration":17,"data":[{"step":5,"loss":0.3075,"grad_norm":0.6652809381484985,"learning_rate":5.000000000000002e-05,"epoch":0.078125},{"step":7,"train_runtime":4.2853,"train_samples_per_second":1.493,"train_steps_per_second":1.633,"total_flos":59918639259648.0,"train_loss":0.2678317981106894,"epoch":0.109375}]}