{"iteration":20,"action":{"reasoning":"Observation: Best at epoch 24 was 0.0609 val exprate, eval gave 0.0509 on test. Need to continue training. ~100s/epoch, I have ~2.2h left = 7900s, 11 iters. Let me resume from best_last.pt for 50 more epochs with a fresh cosine schedule. That's ~5000s = 83 min. Then submit eval.\n\nDecision: Resume training from best_last.pt with 50 more epochs (train.py uses --resume, but cosine schedule resets based on --epochs). Need to start with fresh cosine schedule since previous run ended. Use lower peak LR (1e-4) since we're fine-tuning.","command":"cd /workspace && timeout 5400 python train.py --epochs 50 --resume checkpoints/best_last.pt --lr 2e-4 --out checkpoints/best.pt 2>&1 | tail -100","done":false,"files_written":[]},"command_output":{"exit_code":0,"timed_out":false,"elapsed_seconds":2164.19371175766,"stdout":"vocab 134\nparams 7758854\nresumed from checkpoints/best_last.pt ep 25 best 0.060851926977687626\nep 25 loss 1.4639 exprate 0.0568 ev 22s tot 97s\nep 26 loss 1.5709 exprate 0.0487 ev 25s tot 190s\nep 27 loss 1.5632 exprate 0.0416 ev 14s tot 273s\nep 28 loss 1.5542 exprate 0.0426 ev 22s tot 360s\nep 29 loss 1.5454 exprate 0.0568 ev 19s tot 440s\nep 30 loss 1.5301 exprate 0.0548 ev 21s tot 528s\nep 31 loss 1.5237 exprate 0.0406 ev 24s tot 618s\nep 32 loss 1.5051 exprate 0.0487 ev 19s tot 699s\nep 33 loss 1.5040 exprate 0.0436 ev 18s tot 781s\nep 34 loss 1.4827 exprate 0.0588 ev 24s tot 874s\nep 35 loss 1.4695 exprate 0.0487 ev 19s tot 959s\nep 36 loss 1.4649 exprate 0.0385 ev 24s tot 1054s\nep 37 loss 1.4521 exprate 0.0538 ev 18s tot 1141s\nep 38 loss 1.4359 exprate 0.0609 ev 22s tot 1231s\nep 39 loss 1.4332 exprate 0.0598 ev 24s tot 1323s\nep 40 loss 1.4212 exprate 0.0568 ev 21s tot 1412s\nep 41 loss 1.4144 exprate 0.0578 ev 21s tot 1500s\nep 42 loss 1.3890 exprate 0.0649 ev 21s tot 1583s\n  new best 0.0649\nep 43 loss 1.3871 exprate 0.0467 ev 19s tot 1667s\nep 44 loss 1.3704 exprate 0.0639 ev 16s tot 1745s\nep 45 loss 1.3553 exprate 0.0467 ev 18s tot 1825s\nep 46 loss 1.3398 exprate 0.0477 ev 18s tot 1909s\nep 47 loss 1.3313 exprate 0.0416 ev 18s tot 1993s\nep 48 loss 1.3230 exprate 0.0548 ev 16s tot 2074s\nep 49 loss 1.3087 exprate 0.0578 ev 17s tot 2157s\n","stderr":""},"eval_result":null,"observation":null,"workspace_files":["check.py","data.py","debug_eval.py","explore.py","model.py","predict.py","train.py","view.py"],"file_sources":{"explore.py":1,"model.py":17,"data.py":17,"train.py":17,"predict.py":17,"check.py":4,"debug_eval.py":7,"view.py":15},"agent_done":false,"done_reason":null,"static_export":{"workspace_scope":"carry_forward_source_files","omitted_files":0}}