{"iteration":12,"data":[{"step":1,"train_loss":1.2641939853981967,"val_loss":0.14237017993269296}]}