{"iteration":1,"action":{"reasoning":"Observation: Empty workspace, task is single-image 3D reconstruction with TripoSR pre-cached. Analysis: TripoSR is the obvious tool here - it's a pretrained model that does exactly this. Just need to write predict.py that loads TripoSR and renders the requested views. Decision: Build predict.py using TripoSR directly, no training needed initially. Submit eval to baseline.","command":"ls /data && cat /data/meta.json && ls /data/val | head -3 && cat /data/val/$(ls /data/val | head -1)/cameras.json","done":false,"files_written":["predict.py"]},"command_output":{"exit_code":0,"timed_out":false,"elapsed_seconds":0.11929631233215332,"stdout":"meta.json\nmodels\ntrain\ntrain_uids.json\nval\nval_uids.json\n{\n  \"n_objects_train\": 800,\n  \"n_objects_val\": 100,\n  \"n_objects_test\": 100,\n  \"n_views\": 12,\n  \"image_size\": 256,\n  \"source\": \"arb_objaverse\",\n  \"source_resolution\": 512,\n  \"split_seed\": 42\n}00010d9634f645859d2e252d189b31d5\n003219b0bec442d29725847969e4b6bf\n0118592420884f5192b7a7d888df189b\n[\n  {\n    \"view_id\": 0,\n    \"azimuth\": 352.20603153272504,\n    \"elevation\": -15.509000868841,\n    \"distance\": 1.6682283103052107\n  },\n  {\n    \"view_id\": 1,\n    \"azimuth\": 225.35517383033672,\n    \"elevation\": -78.95972595568793,\n    \"distance\": 1.6767277354004249\n  },\n  {\n    \"view_id\": 2,\n    \"azimuth\": 35.620098517891904,\n    \"elevation\": 15.853815259827243,\n    \"distance\": 1.9895340760189129\n  },\n  {\n    \"view_id\": 3,\n    \"azimuth\": 290.2959915273519,\n    \"elevation\": 1.2760218616167975,\n    \"distance\": 1.821645226708414\n  },\n  {\n    \"view_id\": 4,\n    \"azimuth\": 126.93212973907055,\n    \"elevation\": 78.10111181302088,\n    \"distance\": 1.9408592691314386\n  },\n  {\n    \"view_id\": 5,\n    \"azimuth\": 245.81736380499174,\n    \"elevation\": 58.68386599085835,\n    \"distance\": 1.9319924388225005\n  },\n  {\n    \"view_id\": 6,\n    \"azimuth\": 197.48427845503338,\n    \"elevation\": 50.22867583179823,\n    \"distance\": 1.8907066913808963\n  },\n  {\n    \"view_id\": 7,\n    \"azimuth\": 11.22900442959795,\n    \"elevation\": -39.69276483286174,\n    \"distance\": 1.9366066446364558\n  },\n  {\n    \"view_id\": 8,\n    \"azimuth\": 38.43317780937661,\n    \"elevation\": -75.73924509770691,\n    \"distance\": 1.7903890658591377\n  },\n  {\n    \"view_id\": 9,\n    \"azimuth\": 264.508603580129,\n    \"elevation\": 2.1246966424716334,\n    \"distance\": 1.8160077078967278\n  },\n  {\n    \"view_id\": 10,\n    \"azimuth\": 346.0919768236439,\n    \"elevation\": -86.50449561767664,\n    \"distance\": 1.798344461064608\n  },\n  {\n    \"view_id\": 11,\n    \"azimuth\": 40.845552001466814,\n    \"elevation\": 72.53333095226034,\n    \"distance\": 1.8361003491573982\n  }\n]","stderr":""},"eval_result":null,"observation":null,"workspace_files":["predict.py"],"file_sources":{"predict.py":1},"agent_done":false,"done_reason":null,"static_export":{"workspace_scope":"carry_forward_source_files","omitted_files":0}}