{"iteration":14,"data":[{"step":3443,"epoch":1,"train_loss":3.328741502803389,"train_acc":0.26012924774905605,"val_loss":1.5384231724360082,"val_acc":0.6790351171369712,"lr":5.000000000000007e-05},{"step":6886,"epoch":2,"train_loss":2.6100889306548996,"train_acc":0.33983807725820503,"val_loss":1.3930377339857594,"val_acc":0.7099482585157859,"lr":0.0}]}