{"iteration":16,"data":[{"step":3443,"epoch":1,"train_loss":3.3691358736632626,"train_acc":0.25506462387452805,"val_loss":1.6085674474425877,"val_acc":0.667021990130791,"lr":8.535533905932692e-05},{"step":6886,"epoch":2,"train_loss":2.6642936158588797,"train_acc":0.33238636363636365,"val_loss":1.4043546428176923,"val_acc":0.7056125137737748,"lr":4.999999999999974e-05},{"step":10329,"epoch":3,"train_loss":2.4174680867376557,"train_acc":0.3647073772872495,"val_loss":1.3011914236878068,"val_acc":0.7282853447036842,"lr":1.4644660940672568e-05},{"step":13772,"epoch":4,"train_loss":2.2840756358984007,"train_acc":0.3781434553199729,"val_loss":1.2752993634725653,"val_acc":0.735100368897619,"lr":0.0}]}