{"iteration":9,"data":[{"step":3443,"epoch":1,"train_loss":3.4307120077630096,"train_acc":0.25603579726982284,"val_loss":1.4472891083562323,"val_acc":0.7199731710822593,"lr":5.000000000000007e-05},{"step":6886,"epoch":2,"train_loss":4.322841521753948,"train_acc":0.14219672765998645,"val_loss":1.394401750223961,"val_acc":0.715050543764672,"lr":0.0}]}