{"path":"yaw_debug.json","iteration":8,"content":"{\n  \"robot_pos\": [\n    -9.360265731811523,\n    0.27660396695137024,\n    -3.1693947315216064\n  ],\n  \"human_pos\": [\n    -1.9592208862304688,\n    0.15906596183776855,\n    -8.337920188903809\n  ],\n  \"gps_compass\": [\n    9.027132987976074,\n    -0.3804323971271515\n  ],\n  \"localization_sensor\": [\n    -9.360265731811523,\n    0.27660396695137024,\n    -3.1693947315216064,\n    0.22918584942817688\n  ],\n  \"base_rot\": 0.22918601334095,\n  \"target_yaw\": 2.1804145758286166,\n  \"yaw_loc\": 0.22918584942817688,\n  \"yaw_quat\": null,\n  \"yaw_hs\": \"'float' object is not subscriptable\",\n  \"diff_loc\": 1.9512287264004398,\n  \"diff_quat\": null,\n  \"diff_hs\": null,\n  \"has_pathfinder\": true,\n  \"pf_error\": \"only four-component swizzles are supported at most\",\n  \"turn_data\": [\n    {\n      \"step\": 1,\n      \"loc_yaw\": 0.25001928210258484,\n      \"quat_yaw\": null,\n      \"gps_angle\": -0.359598845243454\n    },\n    {\n      \"step\": 2,\n      \"loc_yaw\": 0.270852655172348,\n      \"quat_yaw\": null,\n      \"gps_angle\": -0.3387655019760132\n    },\n    {\n      \"step\": 3,\n      \"loc_yaw\": 0.2916860282421112,\n      \"quat_yaw\": null,\n      \"gps_angle\": -0.3179321885108948\n    },\n    {\n      \"step\": 4,\n      \"loc_yaw\": 0.3125194013118744,\n      \"quat_yaw\": null,\n      \"gps_angle\": -0.2970987856388092\n    },\n    {\n      \"step\": 5,\n      \"loc_yaw\": 0.33335259556770325,\n      \"quat_yaw\": null,\n      \"gps_angle\": -0.2762654721736908\n    },\n    {\n      \"step\": 6,\n      \"loc_yaw\": 0.35418587923049927,\n      \"quat_yaw\": null,\n      \"gps_angle\": -0.2554320991039276\n    },\n    {\n      \"step\": 7,\n      \"loc_yaw\": 0.3750194311141968,\n      \"quat_yaw\": null,\n      \"gps_angle\": -0.23459872603416443\n    },\n    {\n      \"step\": 8,\n      \"loc_yaw\": 0.3958530128002167,\n      \"quat_yaw\": null,\n      \"gps_angle\": -0.21376527845859528\n    },\n    {\n      \"step\": 9,\n      \"loc_yaw\": 0.41668638586997986,\n      \"quat_yaw\": null,\n      \"gps_angle\": -0.19293183088302612\n    },\n    {\n      \"step\": 10,\n      \"loc_yaw\": 0.4375196695327759,\n      \"quat_yaw\": null,\n      \"gps_angle\": -0.17209835350513458\n    },\n    {\n      \"step\": 11,\n      \"loc_yaw\": 0.4583531618118286,\n      \"quat_yaw\": null,\n      \"gps_angle\": -0.1512651890516281\n    },\n    {\n      \"step\": 12,\n      \"loc_yaw\": 0.47918635606765747,\n      \"quat_yaw\": null,\n      \"gps_angle\": -0.1304318755865097\n    }\n  ]\n}"}