{"iteration":2,"data":[{"step":1,"val_ic_mean":0.01957582969528369,"val_icir":0.1400920701474924}]}