{"iteration":4,"data":[{"step":1,"val_ic_m1":0.019361507973353842,"val_ic_m2":0.034796318072906736,"val_ic_m3":0.017048181202401275,"val_ic_ens":0.029286009334203535}]}