{"iteration":5,"data":[{"step":1,"val_ic":0.02737925261186624,"val_icir":0.17333410683807385,"val_rank_ic":0.033257958442910976}]}