{"iteration":6,"data":[{"step":215,"epoch":1,"val_loss":2.940707358908146,"val_acc":0.5126923449496006},{"step":430,"epoch":2,"val_loss":2.668577863814983,"val_acc":0.5553642676231709}]}