{"iteration":8,"data":[{"step":215,"epoch":1,"val_loss":2.7810831526492503,"val_acc":0.5333634120352725},{"step":430,"epoch":2,"val_loss":2.497478388725443,"val_acc":0.5767002283258641},{"step":645,"epoch":3,"val_loss":2.4558755083287016,"val_acc":0.581817534375698}]}