{"iteration":1,"data":[{"step":0,"proxy_enhanced_rms":0.08822038565816816},{"step":1,"proxy_enhanced_rms":0.13455941830608198},{"step":2,"proxy_enhanced_rms":0.11278133828229644},{"step":3,"proxy_enhanced_rms":0.11288219077649789}]}