{"iteration":10,"data":[{"step":0,"ridge_q":8.0,"mean_r2":0.26031359637916784,"val_mse":0.006213727407157421,"r2_ptend_t":0.4121455123996903,"r2_ptend_q":0.052961033142843124,"r2_radiation":0.9122761092887663,"r2_precipitation":0.3441930372095398,"r2_rest":0.7252023277462192},{"step":1,"ridge_q":12.0,"mean_r2":0.26507636854931516,"val_mse":0.006214492954313755,"r2_ptend_t":0.4121455123996903,"r2_ptend_q":0.0631216137724906,"r2_radiation":0.9122761092887663,"r2_precipitation":0.3441930372095398,"r2_rest":0.7252023277462192},{"step":2,"ridge_q":18.0,"mean_r2":0.2707707045313349,"val_mse":0.006215535569936037,"r2_ptend_t":0.4121455123996903,"r2_ptend_q":0.07526953053413275,"r2_radiation":0.9122761092887663,"r2_precipitation":0.3441930372095398,"r2_rest":0.7252023277462192}]}