{"iteration":11,"data":[{"step":0,"mean_r2":0.15192111041253936,"val_mse":0.005585385020822287,"r2_ptend_t":0.4826402408766673,"r2_ptend_q":-0.2567379885505028,"r2_radiation":0.9335725717473579,"r2_precipitation":0.4701578007222928,"r2_rest":0.7710765620739657,"ridge_q":24.0,"feature_dim":451},{"step":1,"mean_r2":0.16628099142594902,"val_mse":0.005592611152678728,"r2_ptend_t":0.4826402408766673,"r2_ptend_q":-0.22610357572189552,"r2_radiation":0.9335725717473579,"r2_precipitation":0.4701578007222928,"r2_rest":0.7710765620739657,"ridge_q":36.0,"feature_dim":451},{"step":2,"mean_r2":0.1786326351670203,"val_mse":0.005598174408078194,"r2_ptend_t":0.4826402408766673,"r2_ptend_q":-0.19975340240761022,"r2_radiation":0.9335725717473579,"r2_precipitation":0.4701578007222928,"r2_rest":0.7710765620739657,"ridge_q":48.0,"feature_dim":451}]}