{"iteration":12,"data":[{"step":0,"mean_r2":-18.826990658795836,"val_mse":0.007290805224329233,"r2_ptend_t":0.06008589584476116,"r2_ptend_q":-40.262912575200126,"r2_radiation":0.6401499600324683,"r2_precipitation":-0.976191843912829,"r2_rest":0.746720050803757,"ridge_q":36.0,"feature_dim":541},{"step":1,"mean_r2":-16.57748737669725,"val_mse":0.007290320936590433,"r2_ptend_t":0.06008589584476116,"r2_ptend_q":-35.463972240056464,"r2_radiation":0.6401499600324683,"r2_precipitation":-0.976191843912829,"r2_rest":0.746720050803757,"ridge_q":48.0,"feature_dim":541},{"step":2,"mean_r2":-14.273159222688335,"val_mse":0.007287855725735426,"r2_ptend_t":0.06008589584476116,"r2_ptend_q":-30.548072178170784,"r2_radiation":0.6401499600324683,"r2_precipitation":-0.976191843912829,"r2_rest":0.746720050803757,"ridge_q":64.0,"feature_dim":541}]}