{"iteration":13,"data":[{"step":0,"mean_r2":-21.552001690693583,"val_mse":0.015061039477586746,"r2_ptend_t":-0.5158808537884008,"r2_ptend_q":-45.44291047081245,"r2_radiation":-0.39354892441615874,"r2_precipitation":-1.3000112539450177,"r2_rest":0.5645958559987534,"ridge_q":40.0,"feature_dim":431},{"step":1,"mean_r2":-19.804384886964076,"val_mse":0.015045720152556896,"r2_ptend_t":-0.5158808537884008,"r2_ptend_q":-41.71466128952284,"r2_radiation":-0.39354892441615874,"r2_precipitation":-1.3000112539450177,"r2_rest":0.5645958559987534,"ridge_q":48.0,"feature_dim":431},{"step":2,"mean_r2":-18.30865459482051,"val_mse":0.01503146905452013,"r2_ptend_t":-0.5158808537884008,"r2_ptend_q":-38.52376999961656,"r2_radiation":-0.39354892441615874,"r2_precipitation":-1.3000112539450177,"r2_rest":0.5645958559987534,"ridge_q":56.0,"feature_dim":431}]}