{"iteration":14,"data":[{"step":0,"mean_r2":-46.86340650814893,"val_mse":0.010211048647761345,"r2_ptend_t":-0.7152240585362615,"r2_ptend_q":-99.29614752114212,"r2_radiation":0.7201589027099613,"r2_precipitation":-0.6297733515595177,"r2_rest":0.49637265883478976,"ridge_q":40.0,"feature_dim":451},{"step":1,"mean_r2":-41.42793824757156,"val_mse":0.010193771682679653,"r2_ptend_t":-0.7152240585362615,"r2_ptend_q":-87.70048189857705,"r2_radiation":0.7201589027099613,"r2_precipitation":-0.6297733515595177,"r2_rest":0.49637265883478976,"ridge_q":48.0,"feature_dim":451},{"step":2,"mean_r2":-37.05428858126769,"val_mse":0.010180261917412281,"r2_ptend_t":-0.7152240585362615,"r2_ptend_q":-78.37002927712884,"r2_radiation":0.7201589027099613,"r2_precipitation":-0.6297733515595177,"r2_rest":0.49637265883478976,"ridge_q":56.0,"feature_dim":451}]}