{"iteration":20,"data":[{"step":0,"member":0,"train_start":0,"q_clip":-1,"feature_dim":304},{"step":1,"member":1,"train_start":2522880,"q_clip":7.0,"feature_dim":304},{"step":2,"member":2,"train_start":5045760,"q_clip":6.0,"feature_dim":304},{"step":3,"mean_r2":-0.5686087065122208,"val_mse":0.006933044952650865,"r2_ptend_t":0.2617950513696306,"r2_ptend_q":-1.5526684837774702,"r2_radiation":0.7293759899818549,"r2_precipitation":0.17380085544645754,"r2_rest":0.7160344550123753}]}