{"iteration":22,"data":[{"step":0,"candidate":"q40_clip6","mean_r2":0.3260000211428793,"val_mse":0.006132798036560416,"r2_ptend_t":0.39592459333135804,"r2_ptend_q":0.20989602915078276,"r2_radiation":0.9077356706432382,"r2_precipitation":0.33282819828274823,"r2_rest":0.7244094048770338},{"step":1,"candidate":"q48_clip6","mean_r2":0.3269816534279781,"val_mse":0.006135028321295977,"r2_ptend_t":0.39592459333135804,"r2_ptend_q":0.21199017802566011,"r2_radiation":0.9077356706432382,"r2_precipitation":0.33282819828274823,"r2_rest":0.7244094048770338},{"step":2,"candidate":"q56_clip6","mean_r2":0.3277707583775359,"val_mse":0.00613701029215008,"r2_ptend_t":0.39592459333135804,"r2_ptend_q":0.21367360191804996,"r2_radiation":0.9077356706432382,"r2_precipitation":0.33282819828274823,"r2_rest":0.7244094048770338},{"step":3,"candidate":"q48_clip5","mean_r2":0.3269816534279781,"val_mse":0.006135028321295977,"r2_ptend_t":0.39592459333135804,"r2_ptend_q":0.21199017802566011,"r2_radiation":0.9077356706432382,"r2_precipitation":0.33282819828274823,"r2_rest":0.7244094048770338}]}