{"iteration":6,"data":[{"step":0,"train_limit":1500000,"ridge":10.0,"val_r2":0.08085846246459642,"val_mse":0.006104755215346813}]}