{"iteration":8,"data":[{"step":0,"loss":0.0061059799045324326,"acc":0.3224658669655434}]}