{"iteration":4,"data":[{"step":81920,"mean_reward":-0.4240538775920868},{"step":163840,"mean_reward":-0.2800000011920929},{"step":245760,"mean_reward":-0.21119898557662964}]}