{"iteration":5,"data":[{"ic_mean":0.049360352736050266,"icir":0.4162086656515857,"best_iteration":8}]}