{"iteration":7,"data":[{"ic_mean":0.06105753824342982,"icir":0.49717186565656246,"rank_ic_mean":0.04874206331849794,"best_iteration":1589},{"step":198,"ic_mean":0.04848460141211527,"icir":0.4021685476626262,"rank_ic_mean":0.012438299678560994,"best_ic":0.04848460141211527,"best_iter":198}]}