{"iteration":8,"data":[{"step":0,"lgb1_ic":0.042997671161778654,"lgb2_ic":0.05143531232702535,"lgb3_ic":0.07043414948488873,"cb_ic":0.07264602477913557,"best_ic":0.0743784471652578,"best_name":"ic_w"}]}