{"iteration":9,"data":[{"step":1,"train_loss":0.6935966374254359,"train_auc":0.5038401505857184,"train_accuracy":0.5023126734505088,"val_loss":0.6876609921455383,"val_auc":0.5632679698767442,"val_accuracy":0.5518185373484552},{"step":2,"train_loss":0.6868617196969695,"train_auc":0.5637565317308092,"train_accuracy":0.5632747456059204,"val_loss":0.6822125315666199,"val_auc":0.6080995888939205,"val_accuracy":0.6014861165428236}]}