{"iteration":2,"data":[{"epoch":3,"train_loss":0.4426491284562695,"val_loss":1.2787816988097296}]}