{"iteration":5,"data":[{"epoch":1,"train_loss":0.7576283201938723,"val_loss":1.4671440124511719,"best_val_loss":1.4671440124511719,"lr":0.001},{"epoch":2,"train_loss":0.5882119914380516,"val_loss":1.5220674673716228,"best_val_loss":1.4671440124511719,"lr":0.001}]}