{"iteration":28,"action":{"reasoning":"Observation: local validation for checkpoints that previously scored well is now very low, while hidden eval earlier was ~0.459; this strongly suggests the current inference/model wrapper changed, not necessarily that all weights are bad. Analysis: CLIP vision classifiers must use CLIPVisionModel.pooler_output (post-layernorm CLS). If model.py currently uses a different representation, existing trained classifier weights will look collapsed locally and in final eval. Decision: restore a minimal correct CLIPVisionModel + linear classifier implementation and run a compact local OOD-val sweep over candidate checkpoints to identify the best surviving checkpoint before final submission.","command":"python select_ckpt.py","done":false,"files_written":["model.py","select_ckpt.py"]},"command_output":{"exit_code":0,"timed_out":false,"elapsed_seconds":233.06729459762573,"stdout":"[{\"ckpt\": \"checkpoints/best.pt\", \"exists\": true, \"size_mb\": 3470.7, \"overall\": 0.1904594526738639, \"worst\": 0.15442092716693878, \"region\": [0.15442092716693878, 0.19551965594291687, 0.18927444517612457, 0.18817900121212006, 0.21645021438598633]}, {\"ckpt\": \"checkpoints/last.pt\", \"exists\": true, \"size_mb\": 3470.7, \"overall\": 0.19196585488325382, \"worst\": 0.16562889516353607, \"region\": [0.16562889516353607, 0.1953672617673874, 0.1900024265050888, 0.1910243183374405, 0.21212121844291687]}, {\"ckpt\": \"checkpoints/cont_best.pt\", \"exists\": true, \"size_mb\": 1156.9, \"overall\": 0.19101180015064023, \"worst\": 0.15815691649913788, \"region\": [0.15815691649913788, 0.19567205011844635, 0.19024509191513062, 0.18856699764728546, 0.21645021438598633]}, {\"ckpt\": \"checkpoints/cont_last.pt\", \"exists\": true, \"size_mb\": 1156.9, \"overall\": 0.19101180015064023, \"worst\": 0.14445827901363373, \"region\": [0.14445827901363373, 0.19491009414196014, 0.18927444517612457, 0.1912829726934433, 0.2150072157382965]}]\n","stderr":"\rLoading weights:   0%|          | 0/391 [00:00<?, ?it/s]\rLoading weights:  85%|████████▍ | 332/391 [00:00<00:00, 3306.48it/s]\rLoading weights: 100%|██████████| 391/391 [00:00<00:00, 3240.92it/s]\n[transformers] \u001b[1mCLIPVisionModel LOAD REPORT\u001b[0m from: openai/clip-vit-large-patch14\nKey                                                          | Status     |  | \n-------------------------------------------------------------+------------+--+-\ntext_model.encoder.layers.{0...11}.self_attn.v_proj.weight   | UNEXPECTED |  | \ntext_model.encoder.layers.{0...11}.mlp.fc1.weight            | UNEXPECTED |  | \ntext_model.encoder.layers.{0...11}.self_attn.k_proj.bias     | UNEXPECTED |  | \ntext_model.encoder.layers.{0...11}.mlp.fc2.bias              | UNEXPECTED |  | \ntext_model.encoder.layers.{0...11}.self_attn.out_proj.bias   | UNEXPECTED |  | \ntext_model.encoder.layers.{0...11}.self_attn.q_proj.weight   | UNEXPECTED |  | \ntext_model.encoder.layers.{0...11}.layer_norm1.weight        | UNEXPECTED |  | \ntext_model.encoder.layers.{0...11}.mlp.fc2.weight            | UNEXPECTED |  | \ntext_model.encoder.layers.{0...11}.mlp.fc1.bias              | UNEXPECTED |  | \ntext_model.encoder.layers.{0...11}.self_attn.out_proj.weight | UNEXPECTED |  | \ntext_model.encoder.layers.{0...11}.layer_norm2.weight        | UNEXPECTED |  | \ntext_model.encoder.layers.{0...11}.self_attn.k_proj.weight   | UNEXPECTED |  | \ntext_model.encoder.layers.{0...11}.layer_norm2.bias          | UNEXPECTED |  | \ntext_model.encoder.layers.{0...11}.self_attn.v_proj.bias     | UNEXPECTED |  | \ntext_model.encoder.layers.{0...11}.self_attn.q_proj.bias     | UNEXPECTED |  | \ntext_projection.weight                                       | UNEXPECTED |  | \ntext_model.encoder.layers.{0...11}.layer_norm1.bias          | UNEXPECTED |  | \ntext_model.embeddings.token_embedding.weight                 | UNEXPECTED |  | \ntext_model.final_layer_norm.bias                             | UNEXPECTED |  | \ntext_model.embeddings.position_embedding.weight              | UNEXPECTED |  | \ntext_model.final_layer_norm.weight                           | UNEXPECTED |  | \nlogit_scale                                                  | UNEXPECTED |  | \nvisual_projection.weight                                     | UNEXPECTED |  | \n\nNotes:\n- UNEXPECTED:\tcan be ignored when loading from different task/architecture; not ok if you expect identical arch.\n\rLoading weights:   0%|          | 0/391 [00:00<?, ?it/s]\rLoading weights: 100%|██████████| 391/391 [00:00<00:00, 3941.19it/s]\n[transformers] \u001b[1mCLIPVisionModel LOAD REPORT\u001b[0m from: openai/clip-vit-large-patch14\nKey                                                          | Status     |  | \n-------------------------------------------------------------+------------+--+-\ntext_model.encoder.layers.{0...11}.self_attn.v_proj.weight   | UNEXPECTED |  | \ntext_model.encoder.layers.{0...11}.mlp.fc1.weight            | UNEXPECTED |  | \ntext_model.encoder.layers.{0...11}.self_attn.k_proj.bias     | UNEXPECTED |  | \ntext_model.encoder.layers.{0...11}.mlp.fc2.bias              | UNEXPECTED |  | \ntext_model.encoder.layers.{0...11}.self_attn.out_proj.bias   | UNEXPECTED |  | \ntext_model.encoder.layers.{0...11}.self_attn.q_proj.weight   | UNEXPECTED |  | \ntext_model.encoder.layers.{0...11}.layer_norm1.weight        | UNEXPECTED |  | \ntext_model.encoder.layers.{0...11}.mlp.fc2.weight            | UNEXPECTED |  | \ntext_model.encoder.layers.{0...11}.mlp.fc1.bias              | UNEXPECTED |  | \ntext_model.encoder.layers.{0...11}.self_attn.out_proj.weight | UNEXPECTED |  | \ntext_model.encoder.layers.{0...11}.layer_norm2.weight        | UNEXPECTED |  | \ntext_model.encoder.layers.{0...11}.self_attn.k_proj.weight   | UNEXPECTED |  | \ntext_model.encoder.layers.{0...11}.layer_norm2.bias          | UNEXPECTED |  | \ntext_model.encoder.layers.{0...11}.self_attn.v_proj.bias     | UNEXPECTED |  | \ntext_model.encoder.layers.{0...11}.self_attn.q_proj.bias     | UNEXPECTED |  | \ntext_projection.weight                                       | UNEXPECTED |  | \ntext_model.encoder.layers.{0...11}.layer_norm1.bias          | UNEXPECTED |  | \ntext_model.embeddings.token_embedding.weight                 | UNEXPECTED |  | \ntext_model.final_layer_norm.bias                             | UNEXPECTED |  | \ntext_model.embeddings.position_embedding.weight              | UNEXPECTED |  | \ntext_model.final_layer_norm.weight                           | UNEXPECTED |  | \nlogit_scale                                                  | UNEXPECTED |  | \nvisual_projection.weight                                     | UNEXPECTED |  | \n\nNotes:\n- UNEXPECTED:\tcan be ignored when loading from different task/architecture; not ok if you expect identical arch.\n\rLoading weights:   0%|          | 0/391 [00:00<?, ?it/s]\rLoading weights:  82%|████████▏ | 321/391 [00:00<00:00, 3172.06it/s]\rLoading weights: 100%|██████████| 391/391 [00:00<00:00, 2781.59it/s]\n[transformers] \u001b[1mCLIPVisionModel LOAD REPORT\u001b[0m from: openai/clip-vit-large-patch14\nKey                                                          | Status     |  | \n-------------------------------------------------------------+------------+--+-\ntext_model.encoder.layers.{0...11}.self_attn.v_proj.weight   | UNEXPECTED |  | \ntext_model.encoder.layers.{0...11}.mlp.fc1.weight            | UNEXPECTED |  | \ntext_model.encoder.layers.{0...11}.self_attn.k_proj.bias     | UNEXPECTED |  | \ntext_model.encoder.layers.{0...11}.mlp.fc2.bias              | UNEXPECTED |  | \ntext_model.encoder.layers.{0...11}.self_attn.out_proj.bias   | UNEXPECTED |  | \ntext_model.encoder.layers.{0...11}.self_attn.q_proj.weight   | UNEXPECTED |  | \ntext_model.encoder.layers.{0...11}.layer_norm1.weight        | UNEXPECTED |  | \ntext_model.encoder.layers.{0...11}.mlp.fc2.weight            | UNEXPECTED |  | \ntext_model.encoder.layers.{0...11}.mlp.fc1.bias              | UNEXPECTED |  | 