{"iteration":11,"data":[{"step":1,"loss":5.529654640197754,"val_mae":8.550524914706195,"val_mae_30":8.850011852052477,"val_mae_60":8.207217914086801,"score":8.327375364303588,"lr":1e-05}]}