{"iteration":1,"data":[{"epoch":0,"train_loss":3.6357316040100263,"val_mae":3.2423046264383526,"val_mae_60":4.018082378087221,"time_s":14.639690637588501},{"epoch":1,"train_loss":3.3349770371289176,"val_mae":3.1701434663048498,"val_mae_60":3.8881316714816623,"time_s":12.348387241363525},{"epoch":2,"train_loss":3.2590574357598863,"val_mae":3.152697554341069,"val_mae_60":3.880599061648051,"time_s":13.020110845565796}]}